,MY,SPA,KTN,BM,HAT,ESK,WR,YK,TY,THL,CV,SJP,SPK,SY,ANT,CP,JS,CS,PJ,PPD,VAT,MS,KIS,SSM,SBK,RSR,KC,TNG,VP,BK,RK,OT,SMM,JJ,PT,JBS,NPK,CR,SM,LEK,CRR,SL,PK,NKY,AP,SML,QC,SH,HDD,JC,Cera,ฺBM,ฺTHL,TY173,KR,2,ฺ๋JBS,LK,ADBM,ฺKIS
เฟืองร้อยดม,,,,,,,,,,,,,,,,,,,,,,,,,,,,,,1450|2170,,,,,,,,,,,,,,,,,,,,,,,,,,,,,,
กันโคลงF Dmax4W,,,,,,,,,,,,,,,,,,,,,,,,,,,,,,,,,,,,,,138|220,,,,,,,,,,,,,,,,,,,,,,
ลวดเชื่อม2.6,,,,,,,,,,,,,,,,,,136|150,,,,,,,,,,,,,,,,,,,,,,,,,,,,,,,,,,,,,,,,,,
ลวดเชื่อม3.2,,,,,,,,,,,,,,,,,,328|350,,,,,,,,,,,,,,,,,,,,,,,,,,,,,,,,,,,,,,,,,,
BAC102 Vigo,,,,,,,,,115|190,,,,,,,,,,,,,,,,,,,,,,,,,,,,,,,,,,,,,,,,,,,,,,,,,,,
BA317 TritonT,,,,,,,,,385|580,,,,,,,,,,,,,,,,,,,,,,,,,,,,,,,,,,,,,,,,,,,,,,,,,,,
BO124 ED33-F6640,,,,,,,,,108|170,,,,,,,,,,,,,,,,,,,,,,,,,,,,,,,,,,,,,,,,,,,,,,,,,,,
BO179 FN527กระดาษ,,,,,,,,,175|270,,,,,,,,,,,,,,,,,,,,,,,,,,,,,,,,,,,,,,,,,,,,,,,,,,,
สกรูก้านสูบ3408ตัวละ,,,,,,,,,,,,,,,,,,,,,,,,,,,,,,,,,,,,,,,,,40|70,,,,,,,,,,,,,,,,,,,
เพลาดมEF453 8x6,,,,,,,,,,,,,,,,,,,,,,1700|2550,,,,,,,,,,,,,,,,,,,1700|2550,,,,,,,,,,,,,,,,,,,
ตตคานหน้า3608เล็ก,,,,,,,,,,,,,,,,,,,,,,,,,,,,,,,,,,,,,,,,,600|900,,,,,,,,,,,,,,,,,,,
ตตคานหน้า3608ใหญ่,,,,,,,,,,,,,,,,,,,,,,,,,,,,,,,,,,,,,,,,,850|1290,,,,,,,,,,,,,,,,,,,
MX248 TFR,,,,,,,,,,,,,,,,365|550,,,,,,,,,,,,,,,,,,,,,,,,,,,,,,,,,,,,,,,,,,,,
MX135 MTX,,,,,,,,,,,,,,,,365|550,,,,,,,,,,,,,,,,,,,,,,,,,,,,,,,,,,,,,,,,,,,,
MX233 CC,,,,,,,,,,,,,,,,422|640,,,,,,,,,,,,,,,,,,,,,,,,,,,,,,,,,,,,,,,,,,,,
KJY702 Navara,,,,,,,,,,,,,,,,658|990,,,,,,,,,,,,,,,,,,,,,,,,,,,,,,,,,,,,,,,,,,,,
ซาฟอกMTX STD,,,,,,,,,,,,,,,,,,,,,,,,,,,,,,,,,,,,,,,,,,,,,,,,,416|650,,,,,,,,,,,
กันรุน LN40-MTX,,,,,,,,,,,,,,,,,,,,,,,,,,,,,,,,,,,,,,,,,,,,,,,,,93|150,,,,,,,,,,,
ปกชุด MTX,,,,,,,,,,,,,,,,,,,,,,,,,,,,,,,,,,,,,,,,,,,,,,,,,750|1250,,,,,,,,,,,
แหวน MTX,,,,,,,,,,,,,,,,,,,,,,,,,,,,,,,,,,,,,,,,,,,,,,,,,1000|1550,,,,,,,,,,,
ไฟท้ายJCM,,,,,,,,,,80|130,,,,,,,,,,,,,,,,,,,,,,,,,,,,,,,,,,,,,,,,,,,,,,,,,,
แท่นเกียร์Deca360 RH,,,,,,,,,,,,,,,,,,,,,,,,,,,,,,,1680|2590,,,,,,,,,,,,,,,,,,,,,,,,,,,,,
กระจกKS22อันละ,,,,,,,,,,,,,,,,,,,,95|140,,,,,,,,,,,,,,,,,,,,,,,,,,,,,,,,,120|170,,,,,,,
ชซคลBU 1099เเท้,,,,,,,,,,,,,,,,,,,,116|180,,,,,,,,,,,,,,,,,,,,,,,,,,,,,,,,,,,,,,,,
ปขคDmax12 989,,,,,,,,,,,,,,,,,,,,195|300,,,,,,,,,,,,,,,,,,,,,,,,,,,,,,,,,,,,,,,,
กลอนกระโปรงF TFR,,,,,,,,,,,,,,,,,,,,140|220,,,,,,,,,,,,,,,,,,,,,,,,,,,,,,,,,,,,,,,,
ก้ามปู คDmax,,,,,,,,,,,,,,,,,,,,170|260,,,,,,,,,,,,,,,,,,,,,,,,,,,,,,,,,,,,,,,,
ซีลRนอกNPR49-99.8-8,,,,,,,,,,,,,,,,,,,,50|120,,,,,,,,,,,,,,,,,,,,,,,,,,,,,,,,,,,,,,,,
ทรดDmax693สั้น,,,,,,,,,,,,,,,,,,,,36|60,,,,,,,,,,,,,,,,,,,,,,,,,,,,,,,,,,,,,,,,
ทรดDmax2034ยาว,,,,,,,,,,,,,,,,,,,,162|250,,,,,,,,,,,,,,,,,,,,,,,,,,,,,,,,,,,,,,,,
ปั้มติ๊ก12Vเล็ก,,,,,,,,,,,,,,,,,,,,550|830,,,,,,,,,,,,,,,,,,,,,,,,,,,,,,,,,,,,,,,,
ยคลNKR 81051เเท้,,,,,,,,,,,,,,,,,,,,92|140,,,,,,,,,,,,,,,,,,,,,,,,,,,,,,,,,,,,,,,,
ยางฝาวาวล์4HF1,,,,,,,,,,,,,,,,,,,,110|170,,,,,,,,,,,,,,,,,,,,,,,,,,,,,,,,,,,,,,,,
ยางหมวกวาวล์Vigo,,,,,,,,,,,,,,,,,,,,144|250,,,,,,,,,,,,,,,,,,,,,,,,,,,,,,,,,,,,,,,,
สายพานB45,,,,,,,,,,,,,,,,,,,,151|260,,,,,,,,,,,,,,,,,,,,,,,,,,,,,,,,,,,,,,,,
"หวี ค Dmax10"" Excedy",,,,,,,,,,,,,,,,,,,,1700|2590,,,,,,,,,,,,,,,,,,,,,,,,,,,,,,,,,,,,,,,,
12.5x1375 Mit,,,,,,,,,,,,,,,,,,,,171|260,,,,,,,,,,,,,,,,,,,,,,,,,,,,,,,,,,,,,,,,
แหวน4D56เตเปอร์,,,,,,,,,,,,,,,,,,,,880|1390,,,,,,,,,,,,,,,,,,,,,,,,,,,,,,,,,,,,,,,,
9.5x1075 Mit,,,,,,,,,,,,,,,,,,,,97|150,,,,,,,,,,,,,,,,,,,,,,,,,,,,,,,,,,,,,,,,
ท่ออตทบDmax 860เเท้,,,,,,,,,,,,,,,,,,,,1305|1790,,,,,,,,,,,,,,,,,,,,,,,,,,,,,,,,,,,,,,,,
หัวเผาPI43 JPหัวละ,,,,,,,,,,,,,,,,,,,,90|140,,,,,,,,,,,,,,,,,,,,,,,,,,,,,,,,,,,,,,,,
กระจกVigoดำLHมฟฟ,,,,,,,,,,,,,,,,,,,,800|1200,,,,,,,,,,,,,,,,,,,,,,,,,,,,,,,,,,,,,,,,
แผ่น คCC Excedy,,,,,,,,,,,,,,,,,,,,900|1350,,,,,,,,,,,,,,,,,,,,,,,,,,,,,,,,,,,,,,,,
สายอ่อน บF NKR997,,,,,,,,,,,,,,,,,,,,105|160,,,,,,,,,,,,,,,,,,,,,,,,,,,,,,,,,,,,,,,,
หลอดHB4 12VOswa,,,,,,,,,,,,,,,,,,,,40|80,,,,,,,,,,,,,,,,,,,,,,,,,,,,,,,,,,,,,,,,
หลอด24V1จุดเล็กSTL,,,,,,,,,,,,,,,,,,,,127|200,,,,,,,,,,,,,,,,,,,,,,,,,,,,,,,,,,,,,,,,
หวี ค CC Excedy,,,,,,,,,,,,,,,,,,,,950|1490,,,,,,,,,,,,,,,,,,,,,,,,,,,,,,,,,,,,,,,,
สายพานB24,,,,,,,,,,,,,,,,,,,,102|160,,,,,,,,,,,,,,,,,,,,,,,,,,,,,,,,,,,,,,,,
สายพานB32,,,,,,,,,,,,,,,,,,,,115|190,,,,,,,,,,,,,,,,,,,,,,,,,,,,,,,,,,,,,,,,
สายพานB35,,,,,,,,,,,,,,,,,,,,135|220,,,,,,,,,,,,,,,,,,,,,,,,,,,,,,,,,,,,,,,,
สายพานB39,,,,,,,,,,,,,,,,,,,,133|220,,,,,,,,,,,,,,,,,,,,,,,,,,,,,,,,,,,,,,,,
สายพานB34,,,,,,,,,,,,,,,,,,,,121|200,,,,,,,,,,,,,,,,,,,,,,,,,,,,,,,,,,,,,,,,
สายพานB47,,,,,,,,,,,,,,,,,,,,175|270,,,,,,,,,,,,,,,,,,,,,,,,,,,,,,,,,,,,,,,,
สายพานB49,,,,,,,,,,,,,,,,,,,,164|280,,,,,,,,,,,,,,,,,,,,,,,,,,,,,,,,,,,,,,,,
สายพานB40TFR,,,,,,,,,,,,,,,,,,,,136|230,,,,,,,,,,,,,,,,,,,,,,,,,,,,,,,,,,,,,,,,
สายพานB83,,,,,,,,,,,,,,,,,,,,288|450,,,,,,,,,,,,,,,,,,,,,,,,,,,,,,,,,,,,,,,,
สายพานB46,,,,,,,,,,,,,,,,,,,,155|270,,,,,,,,,,,,,,,,,,,,,,,,,,,,,,,,,,,,,,,,
สายพานB47Deca320,,,,,,,,,,,,,,,,,,,,158|260,,,,,,,,,,,,,,,,,,,,,,,,,,,,,,,,,,,,,,,,
สายพานB50,,,,,,,,,,,,,,,,,,,,167|290,,,,,,,,,,,,,,,,,,,,,,,,,,,,,,,,,,,,,,,,
สายพานB42,,,,,,,,,,,,,,,,,,,,142|240,,,,,,,,,,,,,,,,,,,,,,,,,,,,,,,,,,,,,,,,
สายพานB43,,,,,,,,,,,,,,,,,,,,145|240,,,,,,,,,,,,,,,,,,,,,,,,,,,,,,,,,,,,,,,,
สายพานB44,,,,,,,,,,,,,,,,,,,,147|240,,,,,,,,,,,,,,,,,,,,,,,,,,,,,,,,,,,,,,,,
สายพานB48,,,,,,,,,,,,,,,,,,,,162|280,,,,,,,,,,,,,,,,,,,,,,,,,,,,,,,,,,,,,,,,
สายพานB51,,,,,,,,,,,,,,,,,,,,168|300,,,,,,,,,,,,,,,,,,,,,,,,,,,,,,,,,,,,,,,,
สายพานB37,,,,,,,,,,,,,,,,,,,,128|200,,,,,,,,,,,,,,,,,,,,,,,,,,,,,,,,,,,,,,,,
สายพานB70,,,,,,,,,,,,,,,,,,,,243|370,,,,,,,,,,,,,,,,,,,,,,,,,,,,,,,,,,,,,,,,
สายพานB60,,,,,,,,,,,,,,,,,,,,204|320,,,,,,,,,,,,,,,,,,,,,,,,,,,,,,,,,,,,,,,,
สายพานB52,,,,,,,,,,,,,,,,,,,,170|300,,,,,,,,,,,,,,,,,,,,,,,,,,,,,,,,,,,,,,,,
สายพานB36,,,,,,,,,,,,,,,,,,,,125|190,,,,,,,,,,,,,,,,,,,,,,,,,,,,,,,,,,,,,,,,
สายพานB65,,,,,,,,,,,,,,,,,,,,225|370,,,,,,,,,,,,,,,,,,,,,,,,,,,,,,,,,,,,,,,,
สายพานB61,,,,,,,,,,,,,,,,,,,,208|330,,,,,,,,,,,,,,,,,,,,,,,,,,,,,,,,,,,,,,,,
สายพานB68,,,,,,,,,,,,,,,,,,,,237|390,,,,,,,,,,,,,,,,,,,,,,,,,,,,,,,,,,,,,,,,
สายพานB69,,,,,,,,,,,,,,,,,,,,240|390,,,,,,,,,,,,,,,,,,,,,,,,,,,,,,,,,,,,,,,,
สายพานB38,,,,,,,,,,,,,,,,,,,,130|200,,,,,,,,,,,,,,,,,,,,,,,,,,,,,,,,,,,,,,,,
สายพานB58,,,,,,,,,,,,,,,,,,,,198|340,,,,,,,,,,,,,,,,,,,,,,,,,,,,,,,,,,,,,,,,
สายพานB67,,,,,,,,,,,,,,,,,,,,233|390,,,,,,,,,,,,,,,,,,,,,,,,,,,,,,,,,,,,,,,,
สายพานB55,,,,,,,,,,,,,,,,,,,,188|300,,,,,,,,,,,,,,,,,,,,,,,,,,,,,,,,,,,,,,,,
สายพานB53,,,,,,,,,,,,,,,,,,,,174|300,,,,,,,,,,,,,,,,,,,,,,,,,,,,,,,,,,,,,,,,
สายพานB59,,,,,,,,,,,,,,,,,,,,201|370,,,,,,,,,,,,,,,,,,,,,,,,,,,,,,,,,,,,,,,,
สายพานB56,,,,,,,,,,,,,,,,,,,,191|320,,,,,,,,,,,,,,,,,,,,,,,,,,,,,,,,,,,,,,,,
สายพานB54,,,,,,,,,,,,,,,,,,,,177|300,,,,,,,,,,,,,,,,,,,,,,,,,,,,,,,,,,,,,,,,
สายพานB71,,,,,,,,,,,,,,,,,,,,246|370,,,,,,,,,,,,,,,,,,,,,,,,,,,,,,,,,,,,,,,,
สายพานB72,,,,,,,,,,,,,,,,,,,,250|390,,,,,,,,,,,,,,,,,,,,,,,,,,,,,,,,,,,,,,,,
สายพานB62,,,,,,,,,,,,,,,,,,,,211|340,,,,,,,,,,,,,,,,,,,,,,,,,,,,,,,,,,,,,,,,
สายพานC54,,,,,,,,,,,,,,,,,,,,322|530,,,,,,,,,,,,,,,,,,,,,,,,,,,,,,,,,,,,,,,,
สายพานC55,,,,,,,,,,,,,,,,,,,,328|520,,,,,,,,,,,,,,,,,,,,,,,,,,,,,,,,,,,,,,,,
สายพานB74คลัทช์,,,,,,,,,,,,,,,,,,,,257|420,,,,,,,,,,,,,,,,,,,,,,,,,,,,,,,,,,,,,,,,
สายพานC59,,,,,,,,,,,,,,,,,,,,351|620,,,,,,,,,,,,,,,,,,,,,,,,,,,,,,,,,,,,,,,,
สายพานC49,,,,,,,,,,,,,,,,,,,,293|520,,,,,,,,,,,,,,,,,,,,,,,,,,,,,,,,,,,,,,,,
สายพานC45 DC95,,,,,,,,,,,,,,,,,,,,290|470,,,,,,,,,,,,,,,,,,,,,,,,,,,,,,,,,,,,,,,,
สายพานC62,,,,,,,,,,,,,,,,,,,,369|590,,,,,,,,,,,,,,,,,,,,,,,,,,,,,,,,,,,,,,,,
สายพานC50 JoyKBT,,,,,,,,,,,,,,,,,,,,323|520,,,,,,,,,,,,,,,,,,,,,,,,,,,,,,,,,,,,,,,,
สายพานB77เกษตร,,,,,,,,,,,,,,,,,,,,,,,,,,,,,,,,,,,,,133|200,,,,,,,,,,,,,,,,,,,,,,,
สายพานB107เกษตร,,,,,,,,,,,,,,,,,,,,,,,,,,,,,,,,,,,,,173|290,,,,,,,,,,,,,,,,,,,,,,,
สายพานB54เกษตร,,,,,,,,,,,,,,,,,,,,,,,,,,,,,,,,,,,,,93|160,,,,,,,,,,,,,,,,,,,,,,,
สายพานB104เกษตร,,,,,,,,,,,,,,,,,,,,,,,,,,,,,,,,,,,,,179|290,,,,,,,,,,,,,,,,,,,,,,,
ลปF Vigo-Revo 43KW,,,,,,,,,,,,,,,,,,,,,,,470|720,,,,,,,,,,,,,,,,,,,,,,,,,,,,,,,,,,,,,
32215,,,,,,,,,,,,,,,,,,,,,,,560|840,,,,,,539|820,,,,,,,,,,,,,,,,,,,,,,,,,,,,,,,
6310ยาง,,,,,,,,,,,,,,,,,,,,,,,360|540,,,,,,,,,,,,,,,,,,,,,,,,,,,,,,,,,,,,,
6310ZZ NNN,,,,,,,,,,,,,,,,,,,,,,,165|250,,,,,,,,,,,,,,,,,,,,,,,,,,,,,,,,,,,,,
48548/10,,,,,,,,,,,,,,,,,,,,,,,128|200,,,,,,,,,,,,,,,,,,,,,,,,,,,,,,,,,,,,,
สายพานพัดลมEF352,,,,,,,,,,,,,,,,,,,,,,,,,,,,,,,,,,,,,,,,,80|130,,,,,,,,,,,,,,,,,,,
สายพานพัดลมEF453,,,,,,,,,,,,,,,,,,,,,,,,,,,,,,,,,,,,,,,,,80|130,,,,,,,,,,,,,,,,,,,
สตัทดุมF 3408ตัวละ,,,,,,,,,,,,,,,,,,,,,,,,,,,,,,,,,,,,,,,,,18|30,,,,,,,,,,,,,,,,,,,
ซีลF 3408,,,,220|300,,,,,,,,,,,,,,,,,,,,,,,,,,,,,,,,,,,,,85|130,,,,,,,,,,,,,,,,,,,
ซีลเพลาตั้งEF453ล่าง,,,,,,,,,,,,,,,,,,,,,,,,,,,,,,,,,,,,,,,,,90|140,,,,,,,,,,,,,,,,,,,
ซีลโรตารี3408,,,,,,,,,,,,,,,,,,,,,,,,,,,,,,,,,,,,,,,,,20|40,,,,,,,,,,,,,,,,,,,
ยางเเท่นเครื่องDC68,,,,,,,,,,,,,,,,,,,,,,,,,,,,,,,,,,,,,,,,,100|150,,,,,,,,,,,,,,,,,,,
กรองซ EF453,,,,,,,,,,,,,,,,,,,,,,,,,,,,,,,,,,,,,,,,,135|220,,,,,,,,,,,,,,,,,,,
แป้นหูลาก3608,,,,,,,,,,,,,,,,,,,,,,,,,,,,,,,,,,,,,,,,,95|150,,,,,,,,,,,,,,,,,,,
ปั้มค ล่าง TD25,,,,,,,,,,,,,,,,,,,,,,,,,,,,,,,,,,,,184|290,,,,,,,,,,,,,,,,,,,,,,,,
ปั้มค ล่างTFRไม่ไฟ,,,,,,,,,,,,,,,,,,,,,,,,,,,,,,,,,,,,320|490,,,,,,,,,,,,,,,,,,,,,,,,
ปั้มค ล่างNPR91,,,,,,,,,,,,,,,,,,,,,,,,,,,,,,,,,,,,256|420,,,,,,,,,,,,,,,,,,,,,,,,
"เบรคR NewMTX 1""",,,,,,,,,,,,,,,,,,,,,,,,,,,,,,,,,,,,176|290,,,,,,,,,,,,,,,,,,,,,,,,
เบรคR MTX,,,,,,,,,,,,,,,,,,,,,,,,,,,,,,,,,,,,176|290,,,,,,,,,,,,,,,,,,,,,,,,
ปั้มค บน FM,,,,,,,,,,,,,,,,,,,,,,,,,,,,,,,,,,,,560|890,,,,,,,,,,,,,,,,,,,,,,,,
ปั้ม ค ล่างTX-R/K,,,,,,,,,,,,,,,,,,,,,,,,,,,,,,,,,,,,336|550,,,,,,,,,,,,,,,,,,,,,,,,
ชุดคันชักTFR,,,,,,,,,,,,,,,,,,,,,,,,,,,,,,,,,,,,1777|2700,,1777|2750,,,,,,,,,,,,,1777|2750,,,,,,,,,
ชุดคันชัก CC,,,,,,,,,,,,,,,,,,,,,,,,,,,,,,,,,,,,,,2024|3050,,,,,,,,,,,,,2024|2990,,,,,,,,,
คันชักKBZตัวละ,,,,,,,,,,,,,,,,,,,,,,,,,,,,,,,,,,,,,,148|230,,,,,,,,,,,,,148|230,,,,,,,,,
สลักเเขนคัดท้าย4708,,,,,,,,,,,,,,,,,,,,,,,,,,,,,,,,,,,,,,,,,160|240,,,,,,,,,,,,,,,,,,,
เม็ดลปพกEF453,,,,,,,,,,,,,,,,,,,,,,,,,,,,,,,,,,,,,,,,,20|30,,,,,,,,,,,,,,,,,,,
เพลาดมF EF453 8x6,,,,,,,,,,,,,,,,,,,,,,,,,,,,,,,,,,,,,,,,,1700|2550,,,,,,,,,,,,,,,,,,,
ฟพต ล่างEF393 11x20,,,,,,,,,,,,,,,,,,,,,,,,,,,,,,,,,,,,,,,,,400|600,,,,,,,,,,,,,,,,,,,
ฟพต บน3408 16x24,,,,,,,,,,,,,,,,,,,,,,,,,,,,,,,,,,,,,,,,,500|750,,,,,,,,,,,,,,,,,,,
คันชักEF393ตัวละ,,,,,,,,,,,,,,,,,,,,,,,,,,,,,,,,,,,,,,,,,170|260,,,,,,,,,,,,,,,,,,,
สปริงดันพกEF453,,,,,,,,,,,,,,,,,,,,,,10|20,,,,,,,,,,,,,,,,,,,10|30,,,,,,,,,,,,,,,,,,,
เเหวน3408หนา3ส,,,,,,,,,,,,,,,,,,,,,,,,,,,,,,,,,,,,,,,,,690|1100,,,,,,,,,,,,,,,,,,,
วาวล์ไอดี3408ตัวละ,,,,,,,,,,,,,,,,,,,,,,,,,,,,,,,,,,,,,,,,,90|150,,,,,,,,,,,,,,,,,,,
วาวล์ไอเสีย3408ตัวละ,,,,,,,,,,,,,,,,,,,,,,,,,,,,,,,,,,,,,,,,,80|180,,,,,,,,,,,,,,,,,,,
30206,,,,,,,,,,,,,,,,,,,,,,,128|200,,,,,,106|160,,,,,,,,,,,,106|170,,,,,,,,,,,,,,,,,,,
6009CM,,,,,,,,,,,,,,,,,,,,,,,,,,,,,,,,,,,,,,,,,111|180,,,,,,,,,,,,,,,,,,,
30207,,,,,,,,,,,,,,,,,,,,,,,155|240,,,,,,,,,,,,,,,,,,153|230,,,,,,,,,,,,,,,,,,,
32307,,,,,,,,,,,,,,,,,,,,,,,,,,,,,,,,,,,,,,,,,251|390,,,,,,,,,,,,,,,,,,,
32211,,,,,,,,,,,,,,,,,,,,,,,,,,,,,,,,,,,,,,,,,339|520,,,,,,,,,,,,,,,,,,,
6207CM,,,,,,,,,,,,,,,,,,,,,,,85|130,,,,,,81|130,,,,,,,,,,,,81|130,,,,,,,,,,,,,,,,,,,85|130
ลรสพTritonเล็ก031B,,,,,,,,,,,,,,,,,,,,,,,,,,,,,,,,,,,,,,,,,270|420,,,,,,,,,,,,,,,,,,,
ยางฝาวาวล์2TR,,,,,,,,,,,,,,,,,,,,130|220,,,,,,,,,,,,,,,,,,,,,,,,,,,,,,,,,,,,,,,,
ท่อ อ Soluna 2080,,,,,,,,,,,,,,,,,,,,143|220,,,,,,,,,,,,,,,,,,,,,,,,,,,,,,,,,,,,,,,,
ยางฝาวาวล์WL5,,,,,,,,,,,,,,,,,,,,76|140,,,,,,,,,,,,,,,,,,,,,,,,,,,,,,,,,,,,,,,,
ก้ามปู คTFR,,,,,,,,,,,,,,,,,,,,165|250,,,,,,,,,,,,,,,,,,,,,,,,,,,,,,,,,,,,,,,,
ชซหลบSBRเปา 0808,,,,,,,,,,,,,,,,,,,,340|550,,,,,,,,,,,,,,,,,,,,,,,,,,,,,,,,,,,,,,,,
ขาลปค TFR,,,,,,,,,,,,,,,,,,,,150|230,,,,,,,,,,,,,,,,,,,,,,,,,,,,,,,,,,,,,,,,
ชซคลNPR120 851-3เเท้,,,,,,,,,,,,,,,,,,,,184|280,,,,,,,,,,,,,,,,,,,,,,,,,,,,,,,,,,,,,,,,
ซีลดม250 45-78-13/16,,,,,,,,,,,,,,,,,,,,39|80,,,,,,,,,,,,,,,,,,,,,,,,,,,,,,,,,,,,,,,,
ท่ออ NKR95,,,,,,,,,,,,,,,,,,,,235|360,,,,,,,,,,,,,,,,,,,,,,,,,,,,,,,,,,,,,,,,
สกรูทอร์ชั่นMagnum,,,,,,,,,,,,,,,,,,,,115|180,,,,,,,,,,,,,,,,,,,,,,,,,,,,,,,,,,,,,,,,
สายตูดไดร์NPR120,,,,,,,,,,,,,,,,,,,,220|330,,,,,,,,,,,,,,,,,,,,,,,,,,,,,,,,,,,,,,,,
แป๊ป3/8ม้วนละ,,,,,,,,,,,,,,,,,,,,260|390,,,,,,,,,,,,,,,,,,,,,,,,,,,,,,,,,,,,,,,,
สายอ่อนเบรคF NKR,,,,,,,,,,,,,,,,,,,,105|170,,,,,,,,,,,,,,,,,,,,,,,,,,,,,,,,,,,,,,,,
หป 3/8 09783ตัวละ,,,,,,,,,,,,,,,,,,,,15|30,,,,,,,,,,,,,,,,,,,,,,,,,,,,,,,,,,,,,,,,
กรอง ค Vigoเเท้,,,,,,,,,,,,,,,,,,,,140|220,,,,,,,,,,,,,,,,,,,,,,,,,,,,,,,,,,,,,,,,
คอหลค 7/8,,,,,,,,,,,,,,,,,,,,230|350,,,,,,,,,,,,,,,,,,,,,,,,,,,,,,,,,,,,,,,,
กป พักน้ำTFR,,,,,,,,,,,,,,,,,,,,155|240,,,,,,,,,,,,,,,,,,,,,,,,,,,,,,,,,,,,,,,,
4495 Dmax2WDก-ละ,,,,,,,,,,,,,,,,,,,,570|860,,,,,,,,,,,,,,,,,,,,,,,,,,,,,,,,,,,,,,,,
ชซคบBigM793เเท้,,,,,,,,,,,,,,,,,,,,260|390,,,,,,,,,,,,,,,,,,,,,,,,,,,,,,,,,,,,,,,,
ซีลดมKBZ40-74-10/19,,,,,,,,,,,,,,,,,,,,39|80,,,,,,,,,,,,,,,,,,,,,,,,,,,,,,,,,,,,,,,,
ท่อล่างTD25,,,,,,,,,,,,,,,,,,,,134|220,,,,,,,,,,,,,,,,,,,,,,,,,,,,,,,,,,,,,,,,
พตตูดกรองไม่ฟฟ,,,,,,,,,,,,,,,,,,,,60|90,,,,,,,,,,,,,,,,,,,,,,,,,,,,,,,,,,,,,,,,
ยคลNPR120 81851เเท้,,,,,,,,,,,,,,,,,,,,56|90,,,,,,,,,,,,,,,,,,,,,,,,,,,,,,,,,,,,,,,,
ยางฝาวาล์ 3ZZ,,,,,,,,,,,,,,,,,,,,45|120,,,,,,,,,,,,,,,,,,,,,,,,,,,,,,,,,,,,,,,,
สกรูพกกระบะ8มมตัวละ,,,,,,,,,,,,,,,,,,,,8|15,,,,,,,,,,,,,,,,,,,,,,,,,,,,,,,,,,,,,,,,
กระจกMega RH,,,,,,,,,,,,,,,,,,,,300|450,,,,,,,,,,,,,,,,,,,,,,,,,,,,,,,,,,,,,,,,
กระจกส่องหมาUM4006,,,,,,,,,,,,,,,,,,,,180|270,,,,,,,,,,,,,,,,,,,,,,,,,,,,,,,,,,,,,,,,
"แผ่น ค 12""ละเอียด",,,,,,,,,,,,,,,,,,,,,,,,,,,,,,,,,,,,,,,,,,,,,,,,,,,,1300|1950,,,,,,,,
ซีลดม3408,,,,70|100,,,,,,,,,,,,,,,,,,,,,,,,,,,,,,,,,,,,,20|30,,,,,,,,,,,70|100,,,,,,,,
ยกบชยF6600,,,,,,,,,,,,,,,,,,,,,,,,,,,,,,,,,,,,,,,,,,,,,,,,,,,,260|390,,,,,,,,
BA277 Dmax,,,,,,,,,175|270,,,,,,,,,,,,,,,,,,,,,,,,,,,,,,,,,,,,,,,,,,,,,,,,,,,
TA173 Altis,,,,,,,,,208|330,,,,,,,,,,,,,,,,,,,,,,,,,,,,,,,,,,,,,,,,,,,,,208|330,,,,,,
BA307 Mega FL1J,,,,,,,,,813|1250,,,,,,,,,,,,,,,,,,,,,,,,,,,,,,,,,,,,,,,,,,,,,,,,,,,
ผ้าเบรคNQR 01110,,,,,,,,,,,,,,,,572|900,,,,,,,,,,,,,,,,,,,,,,,,,,,,,,,,,,,,,,,,,,,,
ผ้าเบรคBPW,,,,,,,,,,,,,,,,1806|2750,,,,,,,,,,,,,,,,,,,,,,,,,,,,,,,,,,,,,,,,,,,,
MX739 Fiesta,,,,,,,,,,,,,,,,446|690,,,,,,,,,,,,,,,,,,,,,,,,,,,,,,,,,,,,,,,,,,,,
MX694 Revo,,,,,,,,,,,,,,,,480|750,,,,,,,,,,,,,,,,,,,,,,,,,,,,,,,,,,,,,,,,,,,,
MX636 Vios,,,,,,,,,,,,,,,,444|690,,,,,,,,,,,,,,,,,,,,,,,,,,,,,,,,,,,,,,,,,,,,
MX557 Fighter,,,,,,,,,,,,,,,,422|650,,,,,,,,,,,,,,,,,,,,,,,,,,,,,,,,,,,,,,,,,,,,
ชุดปกก 6600หนัง,,,,,,,,,,,,,,,,,,,,,,,,,,45|70,,,,,,,,,,,,,,,,,,,,,,,,,,,,,,,,,,
สปริงเบรค6600ตัวละ,,,,,,,,,,,,,,,,,,,,,,,,,,14|30,,,,,,,,,,,,,,,,,,,,,,,,,,,,,,,,,,
สลักขาคลัทช์6600,,,,,,,,,,,,,,,,,,,,,,,,,,12|20,,,,,,,,,,,,,,,,,,,,,,,,,,,,,,,,,,
ยางหมวกเบรคWT,,,,,,,,,,,,,,,,,,,,,,,,,,65|100,,,,,,,,,,,,,,,,,,,,,,,,,,,,,,,,,,
ข้อต่อเเป๊ปซตรง,,,,,,,,,,,,,,,,,,,,,,,,,,19|30,,,,,,,,,,,,,,,,,,,,,,,,,,,,,,,,,,
ปิ้นห่วง,,,,10|20,,,,,,,,,,,,,,,,,,,,,,12|20,,,,,,,,,,,,,,,,,,,,,,,,,,,,,,,,,,
ปก ปั้มขาว6610อันละ,,,,,,,,,,,,,,,,,,,,,,,,,,6|10,,,,,,,,,,,,,,,,,,,,,,,,,,,,,,,,,,
ปก ปั้มเเดง6600อันละ,,,,,,,,,,,,,,,,,,,,,,,,,,25|50,,,,,,,,,,,,,,,,,,,,,,,,,,,,,,,,,,
ยางขาวดำ6600ชุดละ,,,,,,,,,,,,,,,,,,,,,,,,,,50|80,,,,,,,,,,,,,,,,,,,,,,,,,,,,,,,,,,
ซีลคัดท้ายMIS30,,,,,,,,,,,,,,,,,,,,,,,,,,21|40,,,,,,,,,,,,,,,22|40,,,,,,,,,,,,,,,,,,,
แหวน 1 1/2กลาง,,,,,,,,,,,,,,,,,,,,,,,,,,15|30,,,,,,,,,,,,,,,,,,,,,,,,,,,,,,,,,,
หม้อลม ค Megaใหญ่,,,,,,,,,,,,,,,,,,,,,,,,,,,,,,,,,,,1300|1950,,,,,,,,,,,,,,,,,,,,,,,,,
เท้าเหยียบเบรคสิงห์,,,,,,,,,,,,,,,,,,,,,,,,,,,,,,,,,,,1300|1950,,,,,,,,,,,,,,,,,,,,,,,,,
32217,,,,,,,,,,,,,,,,,,,,,,,,,,,,,718|1100,,,,,,,,,,,,,,,,,,,,,,,,,,,,,,,
30205,,,,,,,,,,,,,,,,,,,,,,,,,,,,,98|150,,,,,,,,,,,,,,,,,,,,,,,,,,,,,,,
3780,,,,,,,,,,,,,,,,,,,,,,,,,,,,,259|390,,,,,,,,,,,,,,,,,,,,,,,,,,,,,,,
418/414,,,,,,,,,,,,,,,,,,,,,,,,,,,,,324|490,,,,,,,,,,,,,,,,,,,,,,,,,,,,,,,
32007=2761,,,,,,,,,,,,,,,,,,,,,,,,,,,,,159|240,,,,,,,,,,,,,,,,,,,,,,,,,,,,,,,
GUIS62 JCM MSB,,,,,,,,,,,,,,,,,,,,,,,,,,,,,420|630,,,,,,,,,,,,,,,,,,,,,,,,,,,,,,,
ฝาหม้อน้ำใหญ่,,,,,,,,,,,,,,,,,,,,69|120,,,,,,,,,,,,,,,,,,,,,,,,,,,,,,,,,,,,,,,,
แหวนสลักเเหนบFMตัวละ,,,,,,,,,,,,,,,,,,,,5|15,,,,,,,,,,,,,,,,,,,,,,,,,,,,,,,,,,,,,,,,
ไฟท้ายDmaxLEDRH,,,,,,,,,,,,,,,,,,,,900|1350,,,,,,,,,,,,,,,,,,,,,,,,,,,,,,,,,,,,,,,,
ไฟท้ายTFR,,,,,,,,,,,,,,,,,,,,96|150,,,,,,,,,,,,,,,,,,,,,,,,,,,,,,,,,,,,,,,,
กระจกDeca229,,,,,,,,,,,,,,,,,,,,180|270,,,,,,,,,,,,,,,,,,,,,,,,,,,,,,,,,,,,,,,,
กระจกMega LH,,,,,,,,,,,,,,,,,,,,320|480,,,,,,,,,,,,,,,,,,,,,,,,,,,,,,,,,,,,,,,,
คัทเอาท์ไฟชาร์จ12V,,,,,,,,,,,,,,,,,,,,240|360,,,,,,,,,,,,,,,,,,,,,,,,,,,,,,,,,,,,,,,,
ซีลคอหน้า6BG1 60-82-,,,,,,,,,,,,,,,,,,,,50|150,,,,,,,,,,,,,,,,,,,,,,,,,,,,,,,,,,,,,,,,
ซีลF Magunm52-70-9,,,,,,,,,,,,,,,,,,,,18|40,,,,,,,,,,,,,,,,,,,,,,,,,,,,,,,,,,,,,,,,
ซีลRนอกR/K64-133-13,,,,,,,,,,,,,,,,,,,,60|120,,,,,,,,,,,,,,,,,,,,,,,,,,,,,,,,,,,,,,,,
ตีนผี ค KT920ตัวละ,,,,,,,,,,,,,,,,,,,,60|90,,,,,,,,,,,,,,,,,,,,,,,,,,,,,,,,,,,,,,,,
ท่อหายใจFN527,,,,,,,,,,,,,,,,,,,,125|190,,,,,,,,,,,,,,,,,,,,,,,,,,,,,,,,,,,,,,,,
ท่ออ CC,,,,,,,,,,,,,,,,,,,,90|140,,,,,,,,,,,,,,,,,,,,,,,,,,,,,,,,,,,,,,,,
ท่อ อ MTX,,,,,,,,,,,,,,,,,,,,95|150,,,,,,,,,,,,,,,,,,,,,,,,,,,,,,,,,,,,,,,,
ท่อ อ NPR120,,,,,,,,,,,,,,,,,,,,190|290,,,,,,,,,,,,,,,,,,,,,,,,,,,,,,,,,,,,,,,,
ท่อ อ Ranger25,,,,,,,,,,,,,,,,,,,,143|220,,,,,,,,,,,,,,,,,,,,,,,,,,,,,,,,,,,,,,,,
ท่อ อ TD27T,,,,,,,,,,,,,,,,,,,,210|320,,,,,,,,,,,,,,,,,,,,,,,,,,,,,,,,,,,,,,,,
ท่ออินเตอร์Dmax8600,,,,,,,,,,,,,,,,,,,,320|480,,,,,,,,,,,,,,,,,,,,,,,,,,,,,,,,,,,,,,,,
ปั้มน้ำDmaxCom,,,,,,,,,,,,,,,,,,,,560|900,,,,,,,,,,,,,,,,,,,,,,,,,,,,,,,,,,,,,,,,
มู่เล่ย์F DMaxComm,,,,,,,,,,,,,,,,,,,,650|980,,,,,,,,,,,,,,,,,,,,,,,,,,,,,,,,,,,,,,,,
ยคลMTX42241เเท้,,,,,,,,,,,,,,,,,,,,49|80,,,,,,,,,,,,,,,,,,,,,,,,,,,,,,,,,,,,,,,,
ยางหนวดกุ้งLH112,,,,,,,,,,,,,,,,,,,,70|120,,,,,,,,,,,,,,,,,,,,,,,,,,,,,,,,,,,,,,,,
Studท่อไอเสียFNตัวละ,,,,,,,,,,,,,,,,,,,,18|30,,,,,,,,,,,,,,,,,,,,,,,,,,,,,,,,,,,,,,,,
12.5x1100 Mit,,,,,,,,,,,,,,,,,,,,131|200,,,,,,,,,,,,,,,,,,,,,,,,,,,,,,,,,,,,,,,,
สายพานB41,,,,,,,,,,,,,,,,,,,,140|220,,,,,,,,,,,,,,,,,,,,,,,,,,,,,,,,,,,,,,,,
"สายลมDL FM 12""1010",,,,,,,,,,,,,,,,,,,,195|300,,,,,,,,,,,,,,,,,,,,,,,,,,,,,,,,,,,,,,,,
หน้าเเปลนตีนผีKT,,,,,,,,,,,,,,,,,,,,195|300,,,,,,,,,,,,,,,,,,,,,,,,,,,,,,,,,,,,,,,,
หัวเผาPT103JP,,,,,,,,,,,,,,,,,,,,90|140,,,,,,,,,,,,,,,,,,,,,,,,,,,,,,,,,,,,,,,,
กป พักน้ำDcea,,,,,,,,,,,,,,,,,,,,230|350,,,,,,,,,,,,,,,,,,,,,,,,,,,,,,,,,,,,,,,,
ชซคบFT 53661เเท้,,,,,,,,,,,,,,,,,,,,232|350,,,,,,,,,,,,,,,,,,,,,,,,,,,,,,,,,,,,,,,,
ชซคลBigM795เเท้,,,,,,,,,,,,,,,,,,,,84|130,,,,,,,,,,,,,,,,,,,,,,,,,,,,,,,,,,,,,,,,
ปั้มน้ำVigo2KDAisin,,,,,,,,,,,,,,,,,,,,1484|2250,,,,,,,,,,,,,,,,,,,,,,,,,,,,,,,,,,,,,,,,
เปิดนอกFN527,,,,,,,,,,,,,,,,,,,,320|480,,,,,,,,,,,,,,,,,,,,,,,,,,,,,,,,,,,,,,,,
ลรสพDmax 13415,,,,,,,,,,,,,,,,,,,,225|340,,,,,,,,,,,,,,,,,,,,,,,,,,,,,,,,,,,,,,,,
แผ่น ค TFR Excedy,,,,,,,,,,,,,,,,,,,,850|1290,,,,,,,,,,,,,,,,,,,,,,,,,,,,,,,,,,,,,,,,
ไฟท้ายMTX,,,,,,,,,,,,,,,,,,,,130|200,,,,,,,,,,,,,,,,,,,,,,,,,,,,,,,,,,,,,,,,
ซีลดมNPR58-103-11/19,,,,,,,,,,,,,,,,,,,,55|120,,,,,,,,,,,,,,,,,,,,,,,,,,,,,,,,,,,,,,,,
สวิทช์นมคR/K 1600,,,,,,,,,,,,,,,,,,,,245|370,,,,,,,,,,,,,,,,,,,,,,,,,,,,,,,,,,,,,,,,
ยบ 4522 เเท้,,,,,,,,,,,,,,,,,,,,17|30,,,,,,,,,,,,,,,,,,,,,,,,,,,,,,,,,,,,,,,,
หัวเทียนเข็ม หัวละ,,,,,,,,,,,,,,,,,,,,84|130,,,,,,,,,,,,,,,,,,,,,,,,,,,,,,,,,,,,,,,,
ปั้มน้ำVigo GNS,,,,,,,,,,,,,,,,,,,,765|1150,,,,,,,,,,,,,,,,,,,,,,,,,,,,,,,,,,,,,,,,
แผ่น ค 3408,,,,,,,,,,,,,,,,,,,,,,,,,,,,,,,,,,,,,,,,,550|850,,,,,,,,,,,,,,,,,,,
แขนกลางEF453,,,,,,,,,,,,,,,,,,,,,,,,,,,,,,,,,,,,,,,,,500|750,,,,,,,,,,,,,,,,,,,
ซีลคอหน้าEF352-494,,,,,,,,,,,,,,,,,,,,,,,,,,,,,,,,,,,,,,,,,45|90,,,,,,,,,,,,,,,,,,,
ปลอกซีลF EF453,,,,,,,,,,,,,,,,,,,,,,,,,,,,,,,,,,,,,,,,,160|240,,,,,,,,,,,,,,,,,,,
ปั้มน้ำEF453,,,,,,,,,,,,,,,,,,,,,,,,,,,,,,,,,,,,,,,,,1950|2950,,,,,,,,,,,,,,,,,,,
ลป คอพมล7040,,,,,,,,,,,,,,,,,,,,,,,,,,,,,,,,,,,,,,,,,35|60,,,,,,,,,,,,,,,,,,,
วาวล์น้ำEF352-453,,,,,,,,,,,,,,,,,,,,,,,,,,,,,,,,,,,,,,,,,150|230,,,,,,,,,,,,,,,,,,,
สตัทดุมF 3408,,,,,,,,,,,,,,,,,,,,,,,,,,,,,,,,,,,,,,,,,18|30,,,,,,,,,,,,,,,,,,,
สวิทช์ดับเครื่อง4508,,,,,,,,,,,,,,,,,,,,,,,,,,,,,,,,,,,,,,,,,700|1050,,,,,,,,,,,,,,,,,,,
ซีลบู้ชคานหน้าEF453,,,,,,,,,,,,,,,,,,,,,,,,,,,,,,,,,,,,,,,,,15|40,,,,,,,,,,,,,,,,,,,
เพลาข้างF 4508RH,,,,,,,,,,,,,,,,,,,,,,,,,,,,,,,,,,,,,,,,,500|750,,,,,,,,,,,,,,,,,,,
ฟพตล่าง7040 10x20,,,,,,,,,,,,,,,,,,,,,,,,,,,,,,,,,,,,,,,,,900|1350,,,,,,,,,,,,,,,,,,,
ลหเเขนลาก3408,,,,,,,,,,,,,,,,,,,,,,,,,,,,,,,,,,,,,,,,,160|240,,,,,,,,,,,,,,,,,,,
ลหเเขนลาก7040-95,,,,,,,,,,,,,,,,,,,,,,,,,,,,,,,,,,,,,,,,,200|300,,,,,,,,,,,,,,,,,,,
ลหติดเเกนกบชลEF453,,,,,,,,,,,,,,,,,,,,,,,,,,,,,,,,,,,,,,,,,700|1050,,,,,,,,,,,,,,,,,,,
สลัก7/8ด้าม,,,,,,,,,,,,,,,,,,,,,,,,,,,,,,,,,,,,,,,,,70|120,,,,,,,,,,,,,,,,,,,
สลักคานหน้าEF453,,,,400|590,,,,,,,,,,,,,,,,,,,,,,,,,,,,,,,,,,,,,350|530,,,,,,,,,,,,,,,,,,,
จานเฟืองF+ฟพต7040,,,,,,,,,,,,,,,,,,,,,,,,,,,,,,,,,,,,,,,,,4500|6750,,,,,,,,,,,,,,,,,,,
กรอง อ 3408,,,,,,,,,,,,,,,,,,,,,,,,,,,,,,,,,,,,,,,,,230|350,,,,,,,,,,,,,,,,,,,
กรอง อ 5000,,,,,,,,,,,,,,,,,,,,,,,,,,,,,,,,,,,,,,,,,280|420,,,,,,,,,,,,,,,,,,,
ชผชสลคหEF453,,,,,,,,,,,,,,,,,,,,,,,,,,,,,,,,,,,,,,,,,65|100,,,,,,,,,,,,,,,,,,,
บู้ชรองสลักคานหน้าEF,,,,,,,,,,,,,,,,,,,,,,,,,,,,,,,,,,,,,,,,,90|140,,,,,,,,,,,,,,,,,,,
ฝาสูบ 3408 ไฟ,,,,,,,,,,,,,,,,,,,,,,,,,,,,,,,,,,,,,,,,,400|600,,,,,,,,,,,,,,,,,,,
แป้นเเขนลาก7040RH,,,,,,,,,,,,,,,,,,,,,,,,,,,,,,,,,,,,,,,,,350|530,,,,,,,,,,,,,,,,,,,
แป้นเเขนลาก7040LH,,,,,,,,,,,,,,,,,,,,,,,,,,,,,,,,,,,,,,,,,350|530,,,,,,,,,,,,,,,,,,,
เบาะนั่ง3408,,,,,,,,,,,,,,,,,,,,,,,,,,,,,,,,,,,,,,,,,800|1200,,,,,,,,,,,,,,,,,,,
ฝาสูบ 3408 เหล็ก,,,,,,,,,,,,,,,,,,,,,,,,,,,,,,,,,,,,,,,,,400|600,,,,,,,,,,,,,,,,,,,
แหวน 3408หนา2ส,,,,,,,,,,,,,,,,,,,,,,,,,,,,,,,,,,,,,,,,,690|1050,,,,,,,,,,,,,,,,,,,
สลักดันดินF 4708,,,,,,,,,,,,,,,,,,,,,,,,,,,,,,,,,,,,,,,,,120|180,,,,,,,,,,,,,,,,,,,
สลักU 3408,,,,,,,,,,,,,,,,,,,,,,,,,,,,,,,,,,,,,,,,,10|20,,,,,,,,,,,,,,,,,,,
กรอง ค M5000,,,,,,,,,,,,,,,,,,,,,,,,,,,,,,,,,,,,,,,,,80|120,,,,,,,,,,,,,,,,,,,
เเขนตั้งข้าง3408ไม่,,,,,,,,,,,,,,,,,,,,,,,,,,,,,,,,,,,,,,,,,250|380,,,,,,,,,,,,,,,,,,,
ชซขยฮEF453,,,,,,,,,,,,,,,,,,,,,,,,,,,,,,,,,,,,,,,,,160|240,,,,,,,,,,,,,,,,,,,
บู้ชในคาน3408เล็ก,,,,,,,,,,,,,,,,,,,,,,,,,,,,,,,,,,,,,,,,,40|70,,,,,,,,,,,,,,,,,,,
ตัวต่อ 4508,,,,500|690,,,,,,,,,,,,,,,,,,,,,,,,,,,,,,,,,,,,,240|360,,,,,,,,,,,,,,,,,,,
สายพาน3408,,,,,,,,,,,,,,,,,,,,,,,,,,,,,,,,,,,,,,,,,80|130,,,,,,,,,,,,,,,,,,,
สายพาน7040,,,,,,,,,,,,,,,,,,,,,,,,,,,,,,,,,,,,,,,,,120|180,,,,,,,,,,,,,,,,,,,
บู้ชคานหน้าEF453,,,,,,,,,,,,,,,,,,,,,,,,,,,,,,,,,,,,,,,,,50|80,,,,,,,,,,,,,,,,,,,
ซีลดมF EF453,,,,,,,,,,,,,,,,,,,,,,,,,,,,,,,,,,,,,,,,,20|40,,,,,,,,,,,,,,,,,,,
คันชัก4508,,,,250|350,,,,,,,,,,,,,,,,,,,,,,,,,,,,,,,,,,,,,170|260,,,,,,,,,,,,,,,,,,,
สลักU M5000,,,,,,,,,,,,,,,,,,,,,,,,,,,,,,,,,,,,,,,,,12|25,,,,,,,,,,,,,,,,,,,
แผ่น ค SBR,,,,,,,,,,,,,,,,,,,1216|1950,,,,,,,,,,,,,,,,,,,,,,,,,,,,,,,,,,,,,,,,,
แผ่น ค TX,,,,,,,,,,,,,,,,,,,1288|2050,,,,,,,,,,,,,,,,,,,,,,,,,,,,,,,,,,,,,,,,,
ซีลF 3408 BM,,,,220|300,,,,,,,,,,,,,,,,,,,,,,,,,,,,,,,,,,,,,,,,,,,,,,,,220|300,,,,,,,,
ซีลเพลาตั้ง3408 BM,,,,200|300,,,,,,,,,,,,,,,,,,,,,,,,,,,,,,,,,,,,,,,,,,,,,,,,200|300,,,,,,,,
สกรูจานไถ6600,,,,100|140,,,,,,,,,,,,,,,,,,,,,,,,,,,,,,,,,,,,,,,,,,,,,,,,,,,,,,,,
"แผ่น ค 13""หยาบเเท้",,,,1400|2200,,,,,,,,,,,,,,,,,,,,,,,,,,,,,,,,,,,,,,,,,,,,,,,,,,,,,,,,
80205เเท้,,,,,,,,,,,,,,,,,,,,29|50,,,,,,,,,,,,,,,,,,,,,,,,,,,,,,,,,,,,,,,,
ซีลเพลาเเหนบJBตัวละ,,,,,,,,,,,,,,,,,,,,115|230,,,,,,,,,,,,,,,,,,,,,,,,,,,,,,,,,,,,,,,,
กรอง ค F18 1671,,,,,,,,,,,,,,261|400,,,,,,,,,,,,,,,,,,,,,,,,,,,,,,,,,,,,,,,,,,,,,,
กรอง อ Almera B14,,,,,,,,,,,,,,137|290,,,,,,,,,,,,,,,,,,,,,,,,,,,,,,,,,,,,,,,,,,,,,,
กรอง อ Colorado12,,,,,,,,,,,,,,301|490,,,,,,,,,,,,,,,,,,,,,,,,,,,,,,,,,,,,,,,,,,,,,,
กรอง อ TD27-TFR28,,,,,,,,,,,,,,157|250,,,,,,,,,,,,,,,,,,,,,,,,,,,,,,,,,,,,,,,,,,,,,,
ล่างAltis ตัวละ,,,,,,,,,,,,,,,,,,,,,,,,,,,,,,,,,,,,,,285|490,,,,,,,,,,,,,,,,,,,,,,
บน TFR ตัวละ,,,,,,,,,,,,,,,,,,,,,,,,,,,,,,,,,,,,,,247|380,,,,,,,,,,,,,,,,,,,,,,
ล่างTFR ตัวละ,,,,,,,,,,,,,,,,,,,,,,,,,,,,,,,,,,,,,,352|530,,,,,,,,,,,,,,,,,,,,,,
คันชักNavaraตัวละ,,,,,,,,,,,,,,,,,,,,,,,,,,,,,,,,,,,,,,276|420,,,,,,,,,,,,,,,,,,,,,,
สลักเเหนบR/K,,,,,,,,,,,,,,,,,,,,,,,,,,,,,,,,,,,,,,91|150,,,,,,,,,,,,,,,,,,,,,,
สลักเเหนบR SBR,,,,,,,,,,,,,,,,,,,,,,,,,,,,,,,,,,,,,,62|100,,,,,,,,,,,,,,,,,,,,,,
สลักเเหนบF/F FRR,,,,,,,,,,,,,,,,,,,,,,,,,,,,,,,,,,,,,,91|150,,,,,,,,,,,,,,,,,,,,,,
บู้ชเพลาเเหนบFNคู่ละ,,,,,,,,,,,,,,,,,,,,560|1050,,,,,,,,,,,,,,,,,,874|1350,,,,,,,,,,,,,,,,,,,,,,
บู้ชหูเเหนบR/Kตัวละ,,,,,,,,,,,,,,,,,,,,,,,,,,,,,,,,,,,,,,69|120,,,,,,,,,,,,,,,,,,,,,,
หลอดH4 12V Osram,,,,,,,,,,,,,,,,,,,,59|90,,,,,,,,,,,,,,,,,,,,,,,,,,,,,,,,,,,,,,,,
แผ่น ค BDI Excedy,,,,,,,,,,,,,,,,,,,,950|1450,,,,,,,,,,,,,,,,,,,,,,,,,,,,,,,,,,,,,,,,
ซีลบหฉDmax168-1เเท้,,,,,,,,,,,,,,,,,,,,58|90,,,,,,,,,,,,,,,,,,,,,,,,,,,,,,,,,,,,,,,,
ฟบศ+ดมF 7040,,,,,,,,,,,,,,,,,,,,2000|3000,,,,,,,,,,,,,,,,,,,,,2000|3000,,,,,,,,,,,,,,,,,,,
กป พักน้ำ3408,,,,,,,,,,,,,,,,,,,,,,,,,,,,,,,,,,,,,,,,,100|150,,,,,,,,,,,,,,,,,,,
ข้อต่อพกEF453ยาว,,,,,,,,,,,,,,,,,,,,,,360|540,,,,,,,,,,,,,,,,,,,360|540,,,,,,,,,,,,,,,,,,,
ข้อต่อพกEF453สั้น,,,,,,,,,,,,,,,,,,,,,,,,,,,,,,,,,,,,,,,,,280|420,,,,,,,,,,,,,,,,,,,
เเขนยกไฮEF453,,,,,,,,,,,,,,,,,,,,,,,,,,,,,,,,,,,,,,,,,1000|1490,,,,,,,,,,,,,,,,,,,
สกรูรังไข่4708,,,,,,,,,,,,,,,,,,,,,,,,,,,,,,,,,,,,,,,,,90|140,,,,,,,,,,,,,,,,,,,
ไฟเลี้ยวEF453,,,,,,,,,,,,,,,,,,,,,,,,,,,,,,,,,,,,,,,,,75|120,,,,,,,,,,,,,,,,,,,
สกรูR EF453,,,,,,,,,,,,,,,,,,,,,,,,,,,,,,,,,,,,,,,,,20|30,,,,,,,,,,,,,,,,,,,
สลักตัวUJD 5/8x2 1/2,,,,,,,,,,,,,,,,,,,,,,,,,,,,,,,,,,,,,,,,,28|50,,,,,,,,,,,,,,,,,,,
สายพานEF453,,,,,,,,,,,,,,,,,,,,,,,,,,,,,,,,,,,,,,,,,80|130,,,,,,,,,,,,,,,,,,,
กระแแทกR 250/79ตัวละ,,,,,,,,,,,,,,,,,,,,,,,,,,,,,,,120|180,,,,,,,,,,,,,,,,,,,,,,,,,,,,,
แท่นF JCMตัวละ,,,,,,,,,,,,,,,,,,,,,,,,,,,,,,,240|360,,,,,,,,,,,,,,,,,,,,,,,,,,,,,
บู้ชบนDmaxตัวละ,,,,,,,,,,,,,,,,,,,,,,,,,,,,,,,65|100,,,,,,,,,,,,,,,,,,,,,,,,,,,,,
ยางยอยต์พมลBigMตัวละ,,,,,,,,,,,,,,,,,,,,,,,,,,,,,,,65|120,,,,,,,,,,,,,,,,,,,,,,,,,,,,,
เพลากลางFN527,,,,,,,,,,,,,,,,,,,,,,,,,,,,,,,900|1350,,,,,,,,,,,,,,,,,,,,,,,,,,,,,
เเท่นเกียร์ 6D17,,,,,,,,,,,,,,,,,,,,,,,,,,,,,,,490|750,,,,,,,,,,,,,,,,,,,,,,,,,,,,,
แท่นF BDIตัวละ,,,,,,,,,,,,,,,,,,,,,,,,,,,,,,,220|330,,,,,,,,,,,,,,,,,,,,,,,,,,,,,
เเท่นเกียร์NPRตัวละ,,,,,,,,,,,,,,,,,,,,,,,,,,,,,,,100|150,,,,,,,,,,,,,,,,,,,,,,,,,,,,,
กรอง ค 3L-FT บท,,,,,,,,,,,,,,,,,,,,90|150,,,,,,,,,,,,,,,,,,,,,,,,,,,,,,,,,,,,,,,,
ยางหมวกวาวล์TFR,,,,,,,,,,,,,,,,,,,,64|150,,,,,,,,,,,,,,,,,,,,,,,,,,,,,,,,,,,,,,,,
ซีล ดม NPR 083,,,,,,,,,,,,,,,,,,,,55|120,,,,,,,,,,,,,,,,,,,,,,,,,,,,,,,,,,,,,,,,
3780 NTN,,,,,,,,,,,,,,,,,,,,,,,270|420,,,,,,,,,,,,,,,,,,,,,,,,,,,,,,,,,,,,,
2788 NTN,,,,,,,,,,,,,,,,,,,,,,,240|360,,,,,,,,,,,,,,,,,,,,,,,,,,,,,,,,,,,,,
GUK6 (31)ฺ Brog,,,,,,,,,,,,,,,,,,,,,,,320|490,,,,,,,,,,,,,,,,,,,,,,,,,,,,,,,,,,,,,
GUIS62 TW,,,,,,,,,,,,,,,,,,,,,,,195|350,,,,,,,,,,,,,,,,,,,,,,,,,,,,,,,,,,,,,
GUK30 Brog,,,,,,,,,,,,,,,,,,,,,,,280|450,,,,,,,,,,,,,,,,,,,,,,,,,,,,,,,,,,,,,
48548,,,,,,,,,,,,,,,,,,,,,,,128|200,,,,,,,,,,,,,,,,,,,,,,,,,,,,,,,,,,,,,
6010CM,,,,,,,,,,,,,,,,,,,,,,,160|240,,,,,,,,,,,,,,,,,,,,,,,,,,,,,,,,,,,,,
6212CM,,,,,,,,,,,,,,,,,,,,,,,280|420,,,,,,,,,,,,,,,,,,,,,,,,,,,,,,,,,,,,,
แหวน3408 1ส,,,,,,,,,,,,,,,,,,,,,,,,,,,,,,,,,,,,,,,,,230|350,,,,,,,,,,,,,,,,,,,
กรอง ค 3408,,,,,,,,,,,,,,,,,,,,,,,,,,,,,,,,,,,,,,,,,80|120,,,,,,,,,,,,,,,,,,,
ซีลโรตารี55-80-17/19,,,,,,,,,,,,,,,,,,,,,,,,,,,,,,,,,,,,,,,,,90|140,,,,,,,,,,,,,,,,,,,
โซ่ข้างEF352,,,,,,,,,,,,,,,,,,,,,,,,,,,,,,,,,,,,,,,,,350|530,,,,,,,,,,,,,,,,,,,
เพลาดุมF EF352,,,,,,,,,,,,,,,,,,,,,,,,,,,,,,,,,,,,,,,,,1500|2250,,,,,,,,,,,,,,,,,,,
ลป ดม 3408,,,,,,,,,,,,,,,,,,,,,,,,,,,,,,,,,,,,,,,,,180|270,,,,,,,,,,,,,,,,,,,
สายซัทเทิล7040,,,,,,,,,,,,,,,,,,,,,,,,,,,,,,,,,,,,,,,,,400|600,,,,,,,,,,,,,,,,,,,
ฟบศ+ดมF 3408,,,,,,,,,,,,,,,,,,,,,,,,,,,,,,,,,,,,,,,,,1700|2550,,,,,,,,,,,,,,,,,,,
ฟบศ+ดมF M5000,,,,,,,,,,,,,,,,,,,,,,,,,,,,,,,,,,,,,,,,,1800|2700,,,,,,,,,,,,,,,,,,,
30208,,,,,,,,,,,,,,,,,,,,,,,160|240,,,,,,178|270,,,,,,,,,,,,,,,,,,,,,,,,,,,,,,,
6208CM,,,,,,,,,,,,,,,,,,,,,,,135|220,,,,,,127|200,,,,,,,,,,,,,,,,,,,,,,,,,,,,,,,
6209CM,,,,,,,,,,,,,,,,,,,,,,,165|250,,,,,,,,,,,,,,,,,,,,,,,,,,,,,,,,,,,,,
25580,,,,,,,,,,,,,,,,,,,,,,,220|330,,,,,,189|290,,,,,,,,,,,,,,,,,,,,,,,,,,,,,,,
ค CV90-98 47SCRN,,,,,,,,,,,,,,,,,,,,,,,450|720,,,,,,,,,,,,,,,,,,,,,,,,,,,,,,,,,,,,,
แท่นเกียร์FC4Jใหญ่,,,,,,,,,,,,,,,,,,,,,,,,,,,,,,,550|890,,,,,,,,,,,,,,,,,,,,,,,,,,,,,
แท่นF FB777ตัวละ,,,,,,,,,,,,,,,,,,,,,,,,,,,,,,,315|480,,,,,,,,,,,,,,,,,,,,,,,,,,,,,
แท่นF FE444ตัวละ,,,,,,,,,,,,,,,,,,,,,,,,,,,,,,,230|350,,,,,,,,,,,,,,,,,,,,,,,,,,,,,
แท่นF NPR150 LHตัวละ,,,,,,,,,,,,,,,,,,,,,,,,,,,,,,,500|750,,,,,,,,,,,,,,,,,,,,,,,,,,,,,
กันฝุ่นเเร็คDmaxตัวล,,,,,,,,,,,,,,,,,,,,,,,,,,,,,,,105|180,,,,,,,,,,,,,,,,,,,,,,,,,,,,,
เพลากลางVigo4WD,,,,,,,,,,,,,,,,,,,,,,,,,,,,,,,425|640,,,,,,,,,,,,,,,,,,,,,,,,,,,,,
กันฝุ่นเพลาViosตัวละ,,,,,,,,,,,,,,,,,,,,,,,,,,,,,,,95|170,,,,,,,,,,,,,,,,,,,,,,,,,,,,,
แท่นF Mega FC3J,,,,,,,,,,,,,,,,,,,,,,,,,,,,,,,545|820,,,,,,,,,,,,,,,,,,,,,,,,,,,,,
ยางหูเเหนบR TFRตัวละ,,,,,,,,,,,,,,,,,,,,,,,,,,,,,,,7|20,,,,,,,,,,,,,,,,,,,,,,,,,,,,,
สายไฮ 7154 08x22,,,,,,,,,,,,,,,,,,,,,,,,,,,,,,,,,,,,,,,,,,,,,175|290,,,,,,,,,,,,,,,
สายไฮ 7158 08x30,,,,,,,,,,,,,,,,,,,,,,,,,,,,,,,,,,,,,,,,,,,,,225|350,,,,,,,,,,,,,,,
คอปเปอร์นม 3/4,,,,,,,,,,,,,,,,,,,,,,,,,,,,,,,,,,,,,,,,,,,,,650|1050,,,,,,,,,,,,,,,
คอปเปอร์นม 1,,,,,,,,,,,,,,,,,,,,,,,,,,,,,,,,,,,,,,,,,,,,,750|1150,,,,,,,,,,,,,,,
สายไฮ 7155 08x24,,,,,,,,,,,,,,,,,,,,,,,,,,,,,,,,,,,,,,,,,,,,,185|290,,,,,,,,,,,,,,,
สายไฮพมลEF453ยาว,,,,,,,,,,,,,,,,,,,,,,,,,,,,,,,,,,,,,,,,,,,,,190|290,,,,,,,,,,,,,,,
สายไฮ 7135 06x18,,,,,,,,,,,,,,,,,,,,,,,,,,,,,,,,,,,,,,,,,,,,,90|150,,,,,,,,,,,,,,,
สายไฮ 06x20,,,,,,,,,,,,,,,,,,,,,,,,,,,,,,,,,,,,,,,,,,,,,95|160,,,,,,,,,,,,,,,
สายไฮ 06x22,,,,,,,,,,,,,,,,,,,,,,,,,,,,,,,,,,,,,,,,,,,,,100|170,,,,,,,,,,,,,,,
ข้อต่อ 8มม I 9719,,,,,,,,,,,,,,,,,,,,,,,,,,,,,,,,,,,,,,,,,,,,,54|120,,,,,,,,,,,,,,,
GU1100 TW,,,,,,,,,,,,,,,,,,,,,,,,,,,,,84|130,,,,,,,,,,,,,,,,,,,,,,,,,,,,,,,
6010ZZ,,,,,,,,,,,,,,,,,,,,,,,,,,,,,163|250,,,,,,,,,,,,,,,,,,,,,,,,,,,,,,,
6310CM,,,,,,,,,,,,,,,,,,,,,,,,,,,,,246|370,,,,,,,,,,,,,,,,,,,,,,,,,,,,,,,
6311ZZ GJP,,,,,,,,,,,,,,,,,,,,,,,,,,,,,227|350,,,,,,,,,,,,,,,,,,,,,,,,,,,,,,,
ลป ไดร์B8-85=SC8A37,,,,,,,,,,,,,,,,,,,,,,,,,,,,,105|190,,,,,,,,,,,,,,,,,,,,,,,,,,,,,,,
6203ยาง,,,,,,,,,,,,,,,,,,,,,,,47|80,,,,,,44|80,,,,,,,,,,,,,,,,,,,,,,,,,,,,,,,
กรองไฮ6600เเท้,,,,,,,,,,,,,,,,,,,,,,,,,,240|340,,,,,,,,,,,,,,,,,,,,,,,,,,,,,,,,,,
กรอง ซ 6640,,,,,,,,,,,,,,,,,,,,,,,,,,340|490,,,,,,,,,,,,,,,,,,,,,,,,,,,,,,,,,,
กรอง ซ 6640 496,,,,,,,,,,,,,,,,,,,,,,,,,,340|490,,,,,,,,,,,,,,,,,,,,,,,,,,,,,,,,,,
แป๊ปหัวฉีด6600#2,,,,,,,,,,,,,,,,,,,,,,,,,,160|240,,,,,,,,,,,,,,,,,,,,,,,,,,,,,,,,,,
แป๊ปหัวฉีด6600#4,,,,,,,,,,,,,,,,,,,,,,,,,,160|240,,,,,,,,,,,,,,,,,,,,,,,,,,,,,,,,,,
เพลาสวมค ละเอียด,,,,,,,,,,,,,,,,,,,,,,,,,,850|1290,,,,,,,,,,,,,,,,,,,,,,,,,,,,,,,,,,
ไฟSpotlightLEDดวงละ,,,,,,,,,,,,,,,,,,,,,,,,,,107|170,,,,,,,,,,,,,,,,,,,,,,,,,,,,,,,,,,
กระจกสิงห์ BM228RH,,,,,,,,,,,,,,,,,,,,180|270,,,,,,,,,,,,,,,,,,,,,,,,,,,,,,,,,,,,,,,,
กป พว Deca,,,,,,,,,,,,,,,,,,,,480|720,,,,,,,,,,,,,,,,,,,,,,,,,,,,,,,,,,,,,,,,
คอห่านบนDmax 9450,,,,,,,,,,,,,,,,,,,,269|420,,,,,,,,,,,,,,,,,,,,,,,,,,,,,,,,,,,,,,,,
ชซคบFM 80833เเท้,,,,,,,,,,,,,,,,,,,,500|750,,,,,,,,,,,,,,,,,,,,,,,,,,,,,,,,,,,,,,,,
ชซคลR/K 80111เเท้,,,,,,,,,,,,,,,,,,,,184|280,,,,,,,,,,,,,,,,,,,,,,,,,,,,,,,,,,,,,,,,
ชซคลVigo44951เเท้,,,,,,,,,,,,,,,,,,,,192|290,,,,,,,,,,,,,,,,,,,,,,,,,,,,,,,,,,,,,,,,
ซีลบหฉ4JJ1 543-0เเท้,,,,,,,,,,,,,,,,,,,,58|90,,,,,,,,,,,,,,,,,,,,,,,,,,,,,,,,,,,,,,,,
ซีลF FC101-114-10,,,,,,,,,,,,,,,,,,,,40|90,,,,,,,,,,,,,,,,,,,,,,,,,,,,,,,,,,,,,,,,
ซีลRในFC127-147-11,,,,,,,,,,,,,,,,,,,,55|120,,,,,,,,,,,,,,,,,,,,,,,,,,,,,,,,,,,,,,,,
ตัวตั้งเบรคCC LH,,,,,,,,,,,,,,,,,,,,120|180,,,,,,,,,,,,,,,,,,,,,,,,,,,,,,,,,,,,,,,,
ตุ่มเพลาเเหนบJBตัวละ,,,,,,,,,,,,,,,,,,,,14|30,,,,,,,,,,,,,,,,,,,,,,,,,,,,,,,,,,,,,,,,
ท่อล่างNKR88,,,,,,,,,,,,,,,,,,,,114|190,,,,,,,,,,,,,,,,,,,,,,,,,,,,,,,,,,,,,,,,
ท่อ อ R/K175,,,,,,,,,,,,,,,,,,,,190|290,,,,,,,,,,,,,,,,,,,,,,,,,,,,,,,,,,,,,,,,
ฝาสูบLN56,,,,,,,,,,,,,,,,,,,,160|270,,,,,,,,,,,,,,,,,,,,,,,,,,,,,,,,,,,,,,,,
เปิดในTFR+เบ้าLH,,,,,,,,,,,,,,,,,,,,33|50,,,,,,,,,,,,,,,,,,,,,,,,,,,,,,,,,,,,,,,,
เปิดในTFR+เบ้าRH,,,,,,,,,,,,,,,,,,,,33|50,,,,,,,,,,,,,,,,,,,,,,,,,,,,,,,,,,,,,,,,
เปิดในTiger RH,,,,,,,,,,,,,,,,,,,,38|60,,,,,,,,,,,,,,,,,,,,,,,,,,,,,,,,,,,,,,,,
เปิดท้ายBigMหนา,,,,,,,,,,,,,,,,,,,,44|70,,,,,,,,,,,,,,,,,,,,,,,,,,,,,,,,,,,,,,,,
เปิดท้ายกลางDmaxดำ,,,,,,,,,,,,,,,,,,,,195|300,,,,,,,,,,,,,,,,,,,,,,,,,,,,,,,,,,,,,,,,
มือหมุนNPR,,,,,,,,,,,,,,,,,,,,20|30,,,,,,,,,,,,,,,,,,,,,,,,,,,,,,,,,,,,,,,,
ยางดิสBigM,,,,,,,,,,,,,,,,,,,,75|120,,,,,,,,,,,,,,,,,,,,,,,,,,,,,,,,,,,,,,,,
ยางดิสRanger,,,,,,,,,,,,,,,,,,,,90|140,,,,,,,,,,,,,,,,,,,,,,,,,,,,,,,,,,,,,,,,
ยางดิสStrada,,,,,,,,,,,,,,,,,,,,90|140,,,,,,,,,,,,,,,,,,,,,,,,,,,,,,,,,,,,,,,,
ยคบFM 80831เเท้,,,,,,,,,,,,,,,,,,,,52|90,,,,,,,,,,,,,,,,,,,,,,,,,,,,,,,,,,,,,,,,
ยางฝาวาวล์4JJ1เเท้,,,,,,,,,,,,,,,,,,,,154|240,,,,,,,,,,,,,,,,,,,,,,,,,,,,,,,,,,,,,,,,
ยรสกฝว4JJตัวละ,,,,,,,,,,,,,,,,,,,,6|20,,,,,,,,,,,,,,,,,,,,,,,,,,,,,,,,,,,,,,,,
รีเนย์สตาร์ทกลม12V,,,,,,,,,,,,,,,,,,,,115|180,,,,,,,,,,,,,,,,,,,,,,,,,,,,,,,,,,,,,,,,
ลูกสูบดิสBigM,,,,,,,,,,,,,,,,,,,,120|180,,,,,,,,,,,,,,,,,,,,,,,,,,,,,,,,,,,,,,,,
ลูกสูบหลค3/4,,,,,,,,,,,,,,,,,,,,110|170,,,,,,,,,,,,,,,,,,,,,,,,,,,,,,,,,,,,,,,,
ลูกสูบหลค7/8,,,,,,,,,,,,,,,,,,,,110|170,,,,,,,,,,,,,,,,,,,,,,,,,,,,,,,,,,,,,,,,
สปริงดึงขาคFN527ตัวล,,,,,,,,,,,,,,,,,,,,24|50,,,,,,,,,,,,,,,,,,,,,,,,,,,,,,,,,,,,,,,,
สลักคานหน้าFC 2042,,,,,,,,,,,,,,,,,,,,1300|1950,,,,,,,,,,,,,,,,,,,,,,,,,,,,,,,,,,,,,,,,
สลักดิสBigMตัวละ,,,,,,,,,,,,,,,,,,,,54|90,,,,,,,,,,,,,,,,,,,,,,,,,,,,,,,,,,,,,,,,
สลักล่างMTX,,,,,,,,,,,,,,,,,,,,115|180,,,,,,,,,,,,,,,,,,,,,,,,,,,,,,,,,,,,,,,,
สวิทช์ไฟถอยCC,,,,,,,,,,,,,,,,,,,,145|220,,,,,,,,,,,,,,,,,,,,,,,,,,,,,,,,,,,,,,,,
สวิทช์กุญเเจTX,,,,,,,,,,,,,,,,,,,,140|220,,,,,,,,,,,,,,,,,,,,,,,,,,,,,,,,,,,,,,,,
สวิทช์ตูดปั้มทั่วไป,,,,,,,,,,,,,,,,,,,,200|300,,,,,,,,,,,,,,,,,,,,,,,,,,,,,,,,,,,,,,,,
สวิทช์ยกเลี้ยวBigMเห,,,,,,,,,,,,,,,,,,,,315|480,,,,,,,,,,,,,,,,,,,,,,,,,,,,,,,,,,,,,,,,
สายไฟ2มม ม้วนละ,,,,,,,,,,,,,,,,,,,,175|270,,,,,,,,,,,,,,,,,,,,,,,,,,,,,,,,,,,,,,,,
สายตูดไดร์Dmax,,,,,,,,,,,,,,,,,,,,190|290,,,,,,,,,,,,,,,,,,,,,,,,,,,,,,,,,,,,,,,,
สายพาน12.5x1275Mit,,,,,,,,,,,,,,,,,,,,155|240,,,,,,,,,,,,,,,,,,,,,,,,,,,,,,,,,,,,,,,,
สายพาน12.5x1300Mit,,,,,,,,,,,,,,,,,,,,159|240,,,,,,,,,,,,,,,,,,,,,,,,,,,,,,,,,,,,,,,,
สายพาน12.5x1350Mit,,,,,,,,,,,,,,,,,,,,167|260,,,,,,,,,,,,,,,,,,,,,,,,,,,,,,,,,,,,,,,,
สายพานDmax 7PK990,,,,,,,,,,,,,,,,,,,,192|350,,,,,,,,,,,,,,,,,,,,,,,,,,,,,,,,,,,,,,,,
สายลมหน้าปัดม์FN527,,,,,,,,,,,,,,,,,,,,110|170,,,,,,,,,,,,,,,,,,,,,,,,,,,,,,,,,,,,,,,,
"หวี ค 3L-Vigo 9.5""",,,,,,,,,,,,,,,,,,,,1400|2200,,,,,,,,,,,,,,,,,,,,,,,,,,,,,,,,,,,,,,,,
เนื้อกระจกMTXnewLH,,,,,,,,,,,,,,,,,,,,130|200,,,,,,,,,,,,,,,,,,,,,,,,,,,,,,,,,,,,,,,,
"แผ่น ค Dmax 10""",,,,,,,,,,,,,,,,,,,,900|1350,,,,,,,,,,,,,,,,,,,,,,,,,,,,,,,,,,,,,,,,
แผ่นชิมFN527 4รูอันล,,,,,,,,,,,,,,,,,,,,11|20,,,,,,,,,,,,,,,,,,,,,,,,,,,,,,,,,,,,,,,,
แผ่นรองดิสSTD,,,,,,,,,,,,,,,,,,,,120|180,,,,,,,,,,,,,,,,,,,,,,,,,,,,,,,,,,,,,,,,
แผวนทองเเดง8มม,,,,,,,,,,,,,,,,,,,,1|5,,,,,,,,,,,,,,,,,,,,,,,,,,,,,,,,,,,,,,,,
แหวนทองเเดง10มม,,,,,,,,,,,,,,,,,,,,1|5,,,,,,,,,,,,,,,,,,,,,,,,,,,,,,,,,,,,,,,,
แหวนเหลาเเหนบJBบาง,,,,,,,,,,,,,,,,,,,,130|200,,,,,,,,,,,,,,,,,,,,,,,,,,,,,,,,,,,,,,,,
เเหวนสลักเเหนบKTอันล,,,,,,,,,,,,,,,,,,,,3|10,,,,,,,,,,,,,,,,,,,,,,,,,,,,,,,,,,,,,,,,
โซ่ฝาท้ายTFRคู่ละ,,,,,,,,,,,,,,,,,,,,96|150,,,,,,,,,,,,,,,,,,,,,,,,,,,,,,,,,,,,,,,,
แหวนสลักเเหนบKTตัวละ,,,,,,,,,,,,,,,,,,,,4|10,,,,,,,,,,,,,,,,,,,,,,,,,,,,,,,,,,,,,,,,
ไฟกันชนBigMดวงละ,,,,,,,,,,,,,,,,,,,,51|80,,,,,,,,,,,,,,,,,,,,,,,,,,,,,,,,,,,,,,,,
ไฟท้ายFTขั้วLH,,,,,,,,,,,,,,,,,,,,300|450,,,,,,,,,,,,,,,,,,,,,,,,,,,,,,,,,,,,,,,,
ไฟส่องป้ายR/Kดวงละ,,,,,,,,,,,,,,,,,,,,38|60,,,,,,,,,,,,,,,,,,,,,,,,,,,,,,,,,,,,,,,,
กดวSTDลูกกลิ้ง ไอดี,,,,,,,,,,,,,,,,,,,,155|240,,,,,,,,,,,,,,,,,,,,,,,,,,,,,,,,,,,,,,,,
คอหม้อลมค 7/8,,,,,,,,,,,,,,,,,,,,230|350,,,,,,,,,,,,,,,,,,,,,,,,,,,,,,,,,,,,,,,,
ยคลNPR 81851เเท้,,,,,,,,,,,,,,,,,,,,64|100,,,,,,,,,,,,,,,,,,,,,,,,,,,,,,,,,,,,,,,,
ก้ามปู ค BDI,,,,,,,,,,,,,,,,,,,,185|290,,,,,,,,,,,,,,,,,,,,,,,,,,,,,,,,,,,,,,,,
คอห่านบนLH112,,,,,,,,,,,,,,,,,,,,290|440,,,,,,,,,,,,,,,,,,,,,,,,,,,,,,,,,,,,,,,,
กบ Comm2370กล่องละ,,,,,,,,,,,,,,,,,,,,476|720,,,,,,,,,,,,,,,,,,,,,,,,,,,,,,,,,,,,,,,,
กบ CC กล่องละ,,,,,,,,,,,,,,,,,,,,418|630,,,,,,,,,,,,,,,,,,,,,,,,,,,,,,,,,,,,,,,,
6เหลี่ยมชุด มม,,,,,,,,,,,,,,,,,,,,,,,,,,,,,,,,,,,,,,,,,,,,,,,,,,,,,,,120|250,,,,,
เกจ์วัดลมนาฬิกา,,,,,,,,,,,,,,,,,,,,,,,,,,,,,,,,,,,,,,,,,,,,,,,,,,,,,,,90|140,,,,,
แหวน 12-13HM,,,,,,,,,,,,,,,,,,,,,,,,,,,,,,,,,,,,,,,,,,,,,,,,,,,,,,,66|100,,,,,
แหวนข้าง 22Meta,,,,,,,,,,,,,,,,,,,,,,,,,,,,,,,,,,,,,,,,,,,,,,,,,,,,,,,45|90,,,,,
แหวนข้าง24Meta,,,,,,,,,,,,,,,,,,,,,,,,,,,,,,,,,,,,,,,,,,,,,,,,,,,,,,,54|120,,,,,
แหวนข้าง 28Meta,,,,,,,,,,,,,,,,,,,,,,,,,,,,,,,,,,,,,,,,,,,,,,,,,,,,,,,85|150,,,,,
ข้อต่อ 1/2x5,,,,,,,,,,,,,,,,,,,,,,,,,,,,,,,,,,,,,,,,,,,,,,,,,,,,,,,70|120,,,,,
ข้อต่อ1/2x10,,,,,,,,,,,,,,,,,,,,,,,,,,,,,,,,,,,,,,,,,,,,,,,,,,,,,,,100|150,,,,,
คีมจับอ๊อก 300A,,,,,,,,,,,,,,,,,,,,,,,,,,,,,,,,,,,,,,,,,,,,,,,,,,,,,,,55|120,,,,,
"ด้ามเลื่อน 1/2x12""",,,,,,,,,,,,,,,,,,,,,,,,,,,,,,,,,,,,,,,,,,,,,,,,,,,,,,,110|170,,,,,
น้ำยาล็อคเกลียว,,,,,,,,,,,,,,,,,,,,,,,,,,,,,,,,,,,,,,,,,,,,,,,,,,,,,,,102|180,,,,,
"ประเเจเลื่อน12"" CN",,,,,,,,,,,,,,,,,,,,,,,,,,,,,,,,,,,,,,,,,,,,,,,,,,,,,,,113|220,,,,,
"ประเเจเลื่อน18""Meta5",,,,,,,,,,,,,,,,,,,,,,,,,,,,,,,,,,,,,,,,,,,,,,,,,,,,,,,600|950,,,,,
ลานรัดเเหวน #2,,,,,,,,,,,,,,,,,,,,,,,,,,,,,,,,,,,,,,,,,,,,,,,,,,,,,,,252|390,,,,,
บล็อค1/2x6px24,,,,,,,,,,,,,,,,,,,,,,,,,,,,,,,,,,,,,,,,,,,,,,,,,,,,,,,63|140,,,,,
บล็อค3/4x6px29,,,,,,,,,,,,,,,,,,,,,,,,,,,,,,,,,,,,,,,,,,,,,,,,,,,,,,,144|260,,,,,
กรองอากาศ3408,,,,,,,,,,,,,,,,,,,,,,,,,,,,,,,,,,,,,,,,,230|350,,,,,,,,,,,,,,,,,,,
กรองอากาศM5000,,,,,,,,,,,,,,,,,,,,,,,,,,,,,,,,,,,,,,,,,280|420,,,,,,,,,,,,,,,,,,,
เปิดท้ายกลางSTD,,,,,,,,,,,,,,,,,,,,,,,,,,,,,,,,,,,,,,,,,,,,,,,,,,,,,,,,110|170,,,,
เพลาดมF EF393 17x16,,,,,,,,,,,,,,,,,,,,,,,,,,,,,,,,,,,,,,,,,900|1350,,,,,,,,,,,,,,,,,,,
แหวนรองดจเล็กEF393,,,,,,,,,,,,,,,,,,,,,,,,,,,,,,,,,,,,,,,,,15|30,,,,,,,,,,,,,,,,,,,
แขนยกไฮEF453,,,,,,,,,,,,,,,,,,,,,,,,,,,,,,,,,,,,,,,,,1000|1500,,,,,,,,,,,,,,,,,,,
ปั้มน้ำ7040,,,,,,,,,,,,,,,,,,,,,,,,,,,,,,,,,,,,,,,,,900|1350,,,,,,,,,,,,,,,,,,,
ปลอก+เเกน4WD5000,,,,,,,,,,,,,,,,,,,,,,,,,,,,,,,,,,,,,,,,,250|380,,,,,,,,,,,,,,,,,,,
ปลอก+เเกนดม5000,,,,,,,,,,,,,,,,,,,,,,,,,,,,,,,,,,,,,,,,,270|420,,,,,,,,,,,,,,,,,,,
ลูกสูบ3408-4508หนา,,,,,,,,,,,,,,,,,,,,,,,,,,,,,,,,,,,,,,,,,500|750,,,,,,,,,,,,,,,,,,,
ลหตัวต่อM5-7040,,,,,,,,,,,,,,,,,,,,,,,,,,,,,,,,,,,,,,,,,350|530,,,,,,,,,,,,,,,,,,,
สลักตัวU 3408,,,,,,,,,,,,,,,,,,,,,,,,,,,,,,,,,,,,,,,,,10|20,,,,,,,,,,,,,,,,,,,
สวิทช์ความร้อน3408,,,,,,,,,,,,,,,,,,,,,,,,,,,,,,,,,,,,,,,,,90|140,,,,,,,,,,,,,,,,,,,
โซ่ข้างEF393,,,,,,,,,,,,,,,,,,,,,,,,,,,,,,,,,,,,,,,,,410|620,,,,,,,,,,,,,,,,,,,
จานเฟืองF3408 42x30,,,,,,,,,,,,,,,,,,,,,,,,,,,,,,,,,,,,,,,,,2000|3000,,,,,,,,,,,,,,,,,,,
ชุดข้อต่อPTOโรตารี34,,,,,,,,,,,,,,,,,,,,,,,,,,,,,,,,,,,,,,,,,1800|2700,,,,,,,,,,,,,,,,,,,
ฺBO256 Deca360,,,,,,,,,101|160,,,,,,,,,,,,,,,,,,,,,,,,,,,,,,,,,,,,,,,,,,,,,,,,,,,
TA128 FN527Tนอก,,,,,,,,,923|1390,,,,,,,,,,,,,,,,,,,,,,,,,,,,,,,,,,,,,,,,,,,,,,,,,,,
ฺBF141 Deca,,,,,,,,,73|120,,,,,,,,,,,,,,,,,,,,,,,,,,,,,,,,,,,,,,,,,,,,,,,,,,,
BF157 JO8E Comm,,,,,,,,,161|250,,,,,,,,,,,,,,,,,,,,,,,,,,,,,,,,,,,,,,,,,,,,,,,,,,,
BA324 Navara,,,,,,,,,213|320,,,,,,,,,,,,,,,,,,,,,,,,,,,,,,,,,,,,,,,,,,,,,,,,,,,
BAC128 Revo,,,,,,,,,115|180,,,,,,,,,,,,,,,,,,,,,,,,,,,,,,,,,,,,,,,,,,,,,,,,,,,
สายพาน6600,,,,,,,,,98|150,,,,,,,,,,,,,,,,,,,,,,,,,,,,,,,,,,,,,,,,,,,,,,,,,,,
สายพาน F5000,,,,,,,,,95|150,,,,,,,,,,,,,,,,,,,,,,,,,,,,,,,,,,,,,,,,,,,,,,,,,,,
6308CM,,,,,,,,,,,,,,,,,,,,,,,200|300,,,,,,197|300,,,,,,,,,,,,,,,,,,,,,,,,,,,,,,,
6204ZZ,,,,,,,,,,,,,,,,,,,,,,,,,,,,,54|90,,,,,,,,,,,,,,,,,,,,,,,,,,,,,,,
Timerหัวเผา12V,,,,,,,,,,,,,,,,,,,,240|360,,,,,,,,,,,,,,,,,,,,,,,,,,,,,,,,,,,,,,,,
ใบพัดCC,,,,,,,,,,,,,,,,,,,,185|280,,,,,,,,,,,,,,,,,,,,,,,,,,,,,,,,,,,,,,,,
ใบพัดSTD2800,,,,,,,,,,,,,,,,,,,,220|330,,,,,,,,,,,,,,,,,,,,,,,,,,,,,,,,,,,,,,,,
ใบพัดBigM,,,,,,,,,,,,,,,,,,,,185|280,,,,,,,,,,,,,,,,,,,,,,,,,,,,,,,,,,,,,,,,
กระจกในเก๋งCCอันละ,,,,,,,,,,,,,,,,,,,,110|170,,,,,,,,,,,,,,,,,,,,,,,,,,,,,,,,,,,,,,,,
กระจกDeca BM250,,,,,,,,,,,,,,,,,,,,180|270,,,,,,,,,,,,,,,,,,,,,,,,,,,,,,,,,,,,,,,,
น็อตดมJB 015-0,,,,,,,,,,,,,,,,,,,,215|330,,,,,,,,,,,,,,,,,,,,,,,,,,,,,,,,,,,,,,,,
น็อตดมR/K240 045-0,,,,,,,,,,,,,,,,,,,,215|330,,,,,,,,,,,,,,,,,,,,,,,,,,,,,,,,,,,,,,,,
เปิดท้ายTFRหนา,,,,,,,,,,,,,,,,,,,,44|70,,,,,,,,,,,,,,,,,,,,,,,,,,,,,,,,,,,,,,,,
ยคบTFR82151เเท้,,,,,,,,,,,,,,,,,,,,45|80,,,,,,,,,,,,,,,,,,,,,,,,,,,,,,,,,,,,,,,,
ยางฝาวาวล์Triton16V,,,,,,,,,,,,,,,,,,,,55|120,,,,,,,,,,,,,,,,,,,,,,,,,,,,,,,,,,,,,,,,
สายคันเร่งBDI SKM,,,,,,,,,,,,,,,,,,,,112|190,,,,,,,,,,,,,,,,,,,,,,,,,,,,,,,,,,,,,,,,
สายพาน12.5x1375,,,,,,,,,,,,,,,,,,,,171|260,,,,,,,,,,,,,,,,,,,,,,,,,,,,,,,,,,,,,,,,
สายพาน12.5x775,,,,,,,,,,,,,,,,,,,,91|140,,,,,,,,,,,,,,,,,,,,,,,,,,,,,,,,,,,,,,,,
สายพานB40,,,,,,,,,,,,,,,,,,,,135|220,,,,,,,,,,,,,,,,,,,,,,,,,,,,,,,,,,,,,,,,
ปั้ม คล่างNPR120หู,,,,,,,,,,,,,,,,,,,,,,,,,,,,,,,,,,,,,,,,,,,,,,,,,,,,,,,,,256|420,,,
ปั้มค ล่างTriton,,,,,,,,,,,,,,,,,,,,,,,,,,,,,,,,,,,,,,,,,,,,,,,,,,,,,,,,,264|420,,,
ปั้มเบรคFrontier 800,,,,,,,,,,,,,,,,,,,,,,,,,,,,,,,,,,,,,,,,,,,,,,,,,,,,,,,,,932|1450,,,
เบรคR Dmax,,,,,,,,,,,,,,,,,,,,,,,,,,,,,,,,,,,,,,,,,,,,,,,,,,,,,,,,,240|390,,,
เบรคRLL NQR,,,,,,,,,,,,,,,,,,,,,,,,,,,,,,,,,,,,,,,,,,,,,,,,,,,,,,,,,640|960,,,
เบรคRRL NQR,,,,,,,,,,,,,,,,,,,,,,,,,,,,,,,,,,,,,,,,,,,,,,,,,,,,,,,,,640|960,,,
ปั้ม ค บน MTX,,,,,,,,,,,,,,,,,,,,,,,,,,,,,,,,,,,,,,,,,,,,,,,,,,,,,,,,,336|520,,,
ปั้มค บน Dmax,,,,,,,,,,,,,,,,,,,,,,,,,,,,,,,,,,,,,,,,,,,,,,,,,,,,,,,,,336|520,,,
6208NR,,,,,,,,,,,,,,,,,,,,,,,170|260,,,,,,,,,,,,,,,,,,,,,,,,,,,,,,,,,,,,,
6208ยาง,,,,,,,,,,,,,,,,,,,,,,,190|290,,,,,,,,,,,,,,,,,,,,,,,,,,,,,,,,,,,,,
819349/10,,,,,,,,,,,,,,,,,,,,,,,1200|1800,,,,,,,,,,,,,,,,,,,,,,,,,,,,,,,,,,,,,
6207ยาง,,,,,,,,,,,,,,,,,,,,,,,140|220,,,,,,,,,,,,,,,,,,,,,,,,,,,,,,,,,,,,,
"GUIS67 7""TW",,,,,,,,,,,,,,,,,,,,,,,960|1550,,,,,,,,,,,,,,,,,,,,,,,,,,,,,,,,,,,,,
ดุมF Commuter NIS,,,,,,,,,,,,,,,,,,,,,,,560|840,,,,,,,,,,,,,,,,,,,,,,,,,,,,,,,,,,,,,
28985/20Rใน NKR,,,,,,,,,,,,,,,,,,,,,,,320|480,,,,,,,,,,,,,,,,,,,,,,,,,,,,,,,,,,,,,
3984/20 ขฟทNPR-SBR,,,,,,,,,,,,,,,,,,,,,,,420|630,,,,,,,,,,,,,,,,,,,,,,,,,,,,,,,,,,,,,
บนKBZ ตัวละ,,,,,,,,,,,,,,,,,,,,,,,,,,,,,,,,,,,,,,247|380,,,,,,,,,,,,,,,,,,,,,,
ล่างLN56ตัวละ,,,,,,,,,,,,,,,,,,,,,,,,,,,,,,,,,,,,,,314|480,,,,,,,,,,,,,,,,,,,,,,
ล่างMTX ตัวละ,,,,,,,,,,,,,,,,,,,,,,,,,,,,,,,,,,,,,,314|480,,,,,,,,,,,,,,,,,,,,,,
บนBigM ตัวละ,,,,,,,,,,,,,,,,,,,,,,,,,,,,,,,,,,,,,,304|460,,,,,,,,,,,,,,,,,,,,,,
ล่างBigM ตัวละ,,,,,,,,,,,,,,,,,,,,,,,,,,,,,,,,,,,,,,304|460,,,,,,,,,,,,,,,,,,,,,,
คันส่งกลางLN56,,,,,,,,,,,,,,,,,,,,,,,,,,,,,,,,,,,,,,779|1170,,,,,,,,,,,,,,,,,,,,,,
คันส่งกลางBigM,,,,,,,,,,,,,,,,,,,,,,,,,,,,,,,,,,,,,,779|1170,,,,,,,,,,,,,,,,,,,,,,
ชุดคันชักD4D,,,,,,,,,,,,,,,,,,,,,,,,,,,,,,,,,,,,,,1976|2990,,,,,,,,,,,,,,,,,,,,,,
คันชักยาวMTXตัวละ,,,,,,,,,,,,,,,,,,,,,,,,,,,,,,,,,,,,,,176|270,,,,,,,,,,,,,,,,,,,,,,
ปลอก4WD3408,,,,,,,,,,,,,,,,,,,,,,,,,,,,,,,,,,,,,,,,,100|150,,,,,,,,,,,,,,,,,,,
เพลากลางขับF 4508,,,,,,,,,,,,,,,,,,,,,,,,,,,,,,,,,,,,,,,,,350|530,,,,,,,,,,,,,,,,,,,
โซ่ข้างEF453,,,,,,,,,,,,,,,,,,,,,,,,,,,,,,,,,,,,,,,,,380|570,,,,,,,,,,,,,,,,,,,
ก๊อกโซล่าB2410,,,,,,,,,,,,,,,,,,,,,,,,,,,,,,,,,,,,,,,,,300|450,,,,,,,,,,,,,,,,,,,
จานเฟืองFEF352 48x25,,,,,,,,,,,,,,,,,,,,,,,,,,,,,,,,,,,,,,,,,2600|3900,,,,,,,,,,,,,,,,,,,
ชซกบชลEF453ใหม่,,,,,,,,,,,,,,,,,,,,,,,,,,,,,,,,,,,,,,,,,350|530,,,,,,,,,,,,,,,,,,,
เเขนตั้งข้างEF45ปรับ,,,,,,,,,,,,,,,,,,,,,,,,,,,,,,,,,,,,,,,,,550|830,,,,,,,,,,,,,,,,,,,
ซีลดมโรตารีRX163,,,,,,,,,,,,,,,,,,,,,,,,,,,,,,,,,,,,,,,,,25|50,,,,,,,,,,,,,,,,,,,
ซีล4WDหลังEF453,,,,,,,,,,,,,,,,,,,,,,,,,,,,,,,,,,,,,,,,,20|40,,,,,,,,,,,,,,,,,,,
ตตคานหน้า3408เล็ก,,,,,,,,,,,,,,,,,,,,,,,,,,,,,,,,,,,,,,,,,600|900,,,,,,,,,,,,,,,,,,,
บู้ชคัดท้าย4708,,,,,,,,,,,,,,,,,,,,,,,,,,,,,,,,,,,,,,,,,35|60,,,,,,,,,,,,,,,,,,,
ปกชุดบน3408,,,,,,,,,,,,,,,,,,,,,,,,,,,,,,,,,,,,,,,,,180|270,,,,,,,,,,,,,,,,,,,
ปกชุดล่าง3408,,,,,,,,,,,,,,,,,,,,,,,,,,,,,,,,,,,,,,,,,200|300,,,,,,,,,,,,,,,,,,,
ปลอกสลักT3408,,,,,,,,,,,,,,,,,,,,,,,,,,,,,,,,,,,,,,,,,120|180,,,,,,,,,,,,,,,,,,,
ซีลเพลาตั้งEF352,,,,200|300,,,,,,,,,,,,,,,,,,,,,,,,,,,,,,,,,,,,,,,,,,,,,,,,,,,,,,,,
ซีลเพลาตั้งEF453,,,,200|300,,,,,,,,,,,,,,,,,,,,,,,,,,,,,,,,,,,,,,,,,,,,,,,,,,,,,,,,
ซีลเพลาตั้ง4508,,,,200|300,,,,,,,,,,,,,,,,,,,,,,,,,,,,,,,,,,,,,,,,,,,,,,,,,,,,,,,,
ผ้าเบรคR FRR 1130,,,,,,,,,,,,,,,,1033|1550,,,,,,,,,,,,,,,,,,,,,,,,,,,,,,,,,,,,,,,,,,,,
MX744 F City10,,,,,,,,,,,,,,,,399|650,,,,,,,,,,,,,,,,,,,,,,,,,,,,,,,,,,,,,,,,,,,,
MX1732 MD3'19,,,,,,,,,,,,,,,,482|790,,,,,,,,,,,,,,,,,,,,,,,,,,,,,,,,,,,,,,,,,,,,
สะพานโซ่Dmax 188,,,,,,,,,,,,,,,,,,,,325|490,,,,,,,,,,,,,,,,,,,,,,,,,,,,,,,,,,,,,,,,
กป พักน้ำFrontier,,,,,,,,,,,,,,,,,,,,85|130,,,,,,,,,,,,,,,,,,,,,,,,,,,,,,,,,,,,,,,,
เเตรปิ้น12V,,,,,,,,,,,,,,,,,,,,85|130,,,,,,,,,,,,,,,,,,,,,,,,,,,,,,,,,,,,,,,,
ปั้มคบนDmax03เเท้ ,,,,,,,,,,,,,,,,,,,,840|1260,,,,,,,,,,,,,,,,,,,,,,,,,,,,,,,,,,,,,,,,
ปั้ม ค บนKBZ,,,,,,,,,,,,,,,,,,,,438|660,,,,,,,,,,,,,,,,,,,,,,,,,,,,,,,,,,,,,,,,
เปิดท้ายSTD,,,,,,,,,,,,,,,,,,,,130|200,,,,,,,,,,,,,,,,,,,,,,,,,,,,,,,,,,,,,,,,
เปิดนอกBigM,,,,,,,,,,,,,,,,,,,,76|120,,,,,,,,,,,,,,,,,,,,,,,,,,,,,,,,,,,,,,,,
สายคันเร่งNPR115,,,,,,,,,,,,,,,,,,,,144|220,,,,,,,,,,,,,,,,,,,,,,,,,,,,,,,,,,,,,,,,
สายตูดไดร์250/79,,,,,,,,,,,,,,,,,,,,98|150,,,,,,,,,,,,,,,,,,,,,,,,,,,,,,,,,,,,,,,,
กป พักน้ำMTX,,,,,,,,,,,,,,,,,,,,75|120,,,,,,,,,,,,,,,,,,,,,,,,,,,,,,,,,,,,,,,,
คอห่านบนMTX,,,,,,,,,,,,,,,,,,,,110|170,,,,,,,,,,,,,,,,,,,,,,,,,,,,,,,,,,,,,,,,
ชซพวMTX 5090,,,,,,,,,,,,,,,,,,,,170|260,,,,,,,,,,,,,,,,,,,,,,,,,,,,,,,,,,,,,,,,
ซีลขปหฉDmax 9550เเท้,,,,,,,,,,,,,,,,,,,,85|130,,,,,,,,,,,,,,,,,,,,,,,,,,,,,,,,,,,,,,,,
ซีลบหฉDmax 1681เเท้,,,,,,,,,,,,,,,,,,,,58|90,,,,,,,,,,,,,,,,,,,,,,,,,,,,,,,,,,,,,,,,
ท่อไอดีT-Dmaxเเท้,,,,,,,,,,,,,,,,,,,,1305|1800,,,,,,,,,,,,,,,,,,,,,,,,,,,,,,,,,,,,,,,,
ฝาสูบMTXเหล็ก,,,,,,,,,,,,,,,,,,,,220|390,,,,,,,,,,,,,,,,,,,,,,,,,,,,,,,,,,,,,,,,
ปั้มติ๊กDmax DF,,,,,,,,,,,,,,,,,,,,515|850,,,,,,,,,,,,,,,,,,,,,,,,,,,,,,,,,,,,,,,,
ปั้มน้ำFE444,,,,,,,,,,,,,,,,,,,,750|1250,,,,,,,,,,,,,,,,,,,,,,,,,,,,,,,,,,,,,,,,
ปั้มน้ำR/K175 ,,,,,,,,,,,,,,,,,,,,2600|3900,,,,,,,,,,,,,,,,,,,,,,,,,,,,,,,,,,,,,,,,
ดึงกระโปรงDmaxเเท้,,,,,,,,,,,,,,,,,,,,150|230,,,,,,,,,,,,,,,,,,,,,,,,,,,,,,,,,,,,,,,,
ยบ 3534 เเท้,,,,,,,,,,,,,,,,,,,,13|30,,,,,,,,,,,,,,,,,,,,,,,,,,,,,,,,,,,,,,,,
สายพาน12.5x950,,,,,,,,,,,,,,,,,,,,109|170,,,,,,,,,,,,,,,,,,,,,,,,,,,,,,,,,,,,,,,,
สายไมล์TFR,,,,,,,,,,,,,,,,,,,,120|180,,,,,,,,,,,,,,,,,,,,,,,,,,,,,,,,,,,,,,,,
หลอดเสียบ24V T10อันล,,,,,,,,,,,,,,,,,,,,2|15,,,,,,,,,,,,,,,,,,,,,,,,,,,,,,,,,,,,,,,,
โอริงฝาปั้มซMTX,,,,,,,,,,,,,,,,,,,,17|30,,,,,,,,,,,,,,,,,,,,,,,,,,,,,,,,,,,,,,,,
ใบโรตารีKBT3408,,,,,,,,,,,,,,,,,,,,,,,,,,,,,,,,,,,,,,,,,55|75,,,,,,,,,,,,,,,,,,,
เเขนตั้งข้าง4508ปรับ,,,,,,,,,,,,,,,,,,,,,,,,,,,,,,,,,,,,,,,,,380|570,,,,,,,,,,,,,,,,,,,
แผ่นคลัทช์4508,,,,,,,,,,,,,,,,,,,,,,,,,,,,,,,,,,,,,,,,,600|900,,,,,,,,,,,,,,,,,,,
คันชักEF352-453ตัวละ,,,,,,,,,,,,,,,,,,,,,,,,,,,,,,,,,,,,,,,,,140|220,,,,,,,,,,,,,,,,,,,
สายพานM6040,,,,,,,,,,,,,,,,,,,,,,,,,,,,,,,,,,,,,,,,,100|150,,,,,,,,,,,,,,,,,,,
ท่อหายใจ3408,,,,,,,,,,,,,,,,,,,,,,,,,,,,,,,,,,,,,,,,,30|50,,,,,,,,,,,,,,,,,,,
แขนยกไฮEF393 LH,,,,,,,,,,,,,,,,,,,,,,,,,,,,,,,,,,,,,,,,,700|1050,,,,,,,,,,,,,,,,,,,
ซีลเพลาตั้ง3408,,,,,,,,,,,,,,,,,,,,,,,,,,,,,,,,,,,,,,,,,90|140,,,,,,,,,,,,,,,,,,,
ซีลเพลาตั้งM5000,,,,,,,,,,,,,,,,,,,,,,,,,,,,,,,,,,,,,,,,,110|170,,,,,,,,,,,,,,,,,,,
ซีลR EF453,,,,,,,,,,,,,,,,,,,,,,,,,,,,,,,,,,,,,,,,,100|150,,,,,,,,,,,,,,,,,,,
แขนตั้งข้างEF453ปรับ,,,,,,,,,,,,,,,,,,,,,,,,,,,,,,,,,,,,,,,,,550|830,,,,,,,,,,,,,,,,,,,
เม็ดลปEF453,,,,,,,,,,,,,,,,,,,,,,,,,,,,,,,,,,,,,,,,,20|30,,,,,,,,,,,,,,,,,,,
15123,,,,,,,,,,,,,,,,,,,,,,,160|270,,,,,,,,,,,,,,,,,,,,,,,,,,,,,,,,,,,,,
ค Ranger CBU543625,,,,,,,,,,,,,,,,,,,,,,,360|540,,,,,,,,,,,,,,,,,,,,,,,,,,,,,,,,,,,,,
63/32,,,,,,,,,,,,,,,,,,,,,,,165|250,,,,,,,,,,,,,,,,,,,,,,,,,,,,,,,,,,,,,
501349,,,,,,,,,,,,,,,,,,,,,,,165|250,,,,,,,,,,,,,,,,,,,,,,,,,,,,,,,,,,,,,
สายพาน4PK820,,,,,,,,,,,,,,,,,,,,,,86|150,,,,,,,,,,,,,,,,,,,,,,,,,,,,,,,,,,,,,,
สายพาน4PK930,,,,,,,,,,,,,,,,,,,,,,122|220,,,,,,,,,,,,,,,,,,,,,,,,,,,,,,,,,,,,,,
สายพาน5PK1120,,,,,,,,,,,,,,,,,,,,,,180|330,,,,,,,,,,,,,,,,,,,,,,,,,,,,,,,,,,,,,,
สายพาน5PK1145,,,,,,,,,,,,,,,,,,,,,,170|320,,,,,,,,,,,,,,,,,,,,,,,,,,,,,,,,,,,,,,
สายพาน7PK1516,,,,,,,,,,,,,,,,,,,,,,191|350,,,,,,,,,,,,,,,,,,,,,,,,,,,,,,,,,,,,,,
สายพานNavara7PK1275,,,,,,,,,,,,,,,,,,,,,,173|350,,,,,,,,,,,,,,,,,,,,,,,,,,,,,,,,,,,,,,
สพปั้มTritonT720,,,,,,,,,,,,,,,,,,,,,,289|700,,,,,,,,,,,,,,,,,,,,,,,,,,,,,,,,,,,,,,
สพรลTFR2800 T844,,,,,,,,,,,,,,,,,,,,,,456|1200,,,,,,,,,,,,,,,,,,,,,,,,,,,,,,,,,,,,,,
12.5x1375 Bando,,,,,,,,,,,,,,,,,,,,,,302|460,,,,,,,,,,,,,,,,,,,,,,,,,,,,,,,,,,,,,,
สพรลTriton T1602,,,,,,,,,,,,,,,,,,,,,,589|1200,,,,,,,,,,,,,,,,,,,,,,,,,,,,,,,,,,,,,,
12.5x1475,,,,,,,,,,,,,,,,,,,,,,324|490,,,,,,,,,,,,,,,,,,,,,,,,,,,,,,,,,,,,,,
12.5x1475 Bando,,,,,,,,,,,,,,,,,,,,,,324|490,,,,,,,,,,,,,,,,,,,,,,,,,,,,,,,,,,,,,,
12.5x1500 Bando,,,,,,,,,,,,,,,,,,,,,,330|490,,,,,,,,,,,,,,,,,,,,,,,,,,,,,,,,,,,,,,
จานเฟืองFEF393 51x25,,,,,,,,,,,,,,,,,,,,,,2800|3900,,,,,,,,,,,,,,,,,,,2800|3900,,,,,,,,,,,,,,,,,,,
ปลอก+เเกนดม3408,,,,,,,,,,,,,,,,,,,,,,,,,,,,,,,,,,,,,,,,,250|380,,,,,,,,,,,,,,,,,,,
สลักเเขนยก3408ขันน็อ,,,,,,,,,,,,,,,,,,,,,,,,,,,,,,,,,,,,,,,,,75|120,,,,,,,,,,,,,,,,,,,
ลรสพM7040,,,,,,,,,,,,,,,,,,,,,,,,,,,,,,,,,,,,,,,,,170|260,,,,,,,,,,,,,,,,,,,
แป๊ปชุดข้อต่อPTO3408,,,,,,,,,,,,,,,,,,,,,,,,,,,,,,,,,,,,,,,,,450|680,,,,,,,,,,,,,,,,,,,
สลักยขคท4708DH226,,,,,,,,,,,,,,,,,,,,,,,,,,,,,,,,,,,,,,,,,160|240,,,,,,,,,,,,,,,,,,,
บู้ชสลักคัดท้าย3408,,,,,,,,,,,,,,,,,,,,,,,,,,,,,,,,,,,,,,,,,35|60,,,,,,,,,,,,,,,,,,,
TA133 FN527Tใน,,,,,,,,,439|660,,,,,,,,,,,,,,,,,,,,,,,,,,,,,,,,,,,,,,,,,,,,,,,,,,,
BA229 R/Kใน,,,,,,,,,289|440,,,,,,,,,,,,,,,,,,,,,,,,,,,,,,,,,,,,,,,,,,,,,,,,,,,
ฺBA228 R/Kนอก,,,,,,,,,625|940,,,,,,,,,,,,,,,,,,,,,,,,,,,,,,,,,,,,,,,,,,,,,,,,,,,
ฺBAC105 Dmax,,,,,,,,,115|190,,,,,,,,,,,,,,,,,,,,,,,,,,,,,,,,,,,,,,,,,,,,,,,,,,,
 น้ำยาหม้อน้ำTT 1L,,140|200,,,,,,,,,,,,,,,,,,,,,,,,,,,,,,,,,,,,,,,,,,,,,,,,,,,,,,,,,,
น้ำยาหม้อน้ำISUZU 1L,,140|200,,,,,,,,,,,,,,,,,,,,,,,,,,,,,,,,,,,,,,,,,,,,,,,,,,,,,,,,,,
น้ำยาหม้อน้ำISUZU 3L,,424|590,,,,,,,,,,,,,,,,,,,,,,,,,,,,,,,,,,,,,,,,,,,,,,,,,,,,,,,,,,
กรอง ค 3L-Fighter,,,,,,,,,,,,,,97|150,,,,,,,,,,,,,,,,,,,,,,,,,,,,,,,,,,,,,,,,,,,,,,
6212ZZ,,,,,,,,,,,,,,,,,,,,,,,,,,,,,285|430,,,,,,,,,,,,,,,,,,,,,,,,,,,,,,,
6309ยาง,,,,,,,,,,,,,,,,,,,,,,,,,,,,,348|530,,,,,,,,,,,,,,,,,,,,,,,,,,,,,,,380|570
6310ZZ GJP,,,,,,,,,,,,,,,,,,,,,,,,,,,,,157|270,,,,,,,,,,,,,,,,,,,,,,,,,,,,,,,
สลักเเขนยก 3/4x41/2,,,,45|70,,,,,,,,,,,,,,,,,,,,,,,,,,,,,,,,,,,,,,,,,,,,,,,,,,,,,,,,
หัวเทียนเข็มTT หัวละ,,,,,,,,,,,,,,,,,,,,84|130,,,,,,,,,,,,,,,,,,,,,,,,,,,,,,,,,,,,,,,,
ปก ฝาสูบ 2KD,,,,,,,,,,,,,,,,,,,,390|600,,,,,,,,,,,,,,,,,,,,,,,,,,,,,,,,,,,,,,,,
ปก ไอดี-เสีย2KD,,,,,,,,,,,,,,,,,,,,50|80,,,,,,,,,,,,,,,,,,,,,,,,,,,,,,,,,,,,,,,,
ชซคบTFR82151เเท้,,,,,,,,,,,,,,,,,,,,232|350,,,,,,,,,,,,,,,,,,,,,,,,,,,,,,,,,,,,,,,,
ซีลคอหน้าTFRเเท้,,,,,,,,,,,,,,,,,,,,130|200,,,,,,,,,,,,,,,,,,,,,,,,,,,,,,,,,,,,,,,,
ปั้มคบนFN527 3เหลี่ย,,,,,,,,,,,,,,,,,,,,960|1440,,,,,,,,,,,,,,,,,,,,,,,,,,,,,,,,,,,,,,,,
ยางฝาหน้าTFR,,,,,,,,,,,,,,,,,,,,28|50,,,,,,,,,,,,,,,,,,,,,,,,,,,,,,,,,,,,,,,,
ออโต้เเตรลม12V,,,,,,,,,,,,,,,,,,,,180|270,,,,,,,,,,,,,,,,,,,,,,,,,,,,,,,,,,,,,,,,
กรอง อ BDI,,,,,,,,,,,,,,,,,,,,120|180,,,,,,,,,,,,,,,,,,,,,,,,,,,,,,,,,,,,,,,,
4402ก้าม250 กล่องละ,,,,,,,,,,,,,,,,,,,,459|690,,,,,,,,,,,,,,,,,,,,,,,,,,,,,,,,,,,,,,,,
ท่อบนVigo,,,,,,,,,,,,,,,,,,,,100|150,,,,,,,,,,,,,,,,,,,,,,,,,,,,,,,,,,,,,,,,
ใบปัดDmax19-21บอส,,,,,,,,,,,,,,,,,,,,150|240,,,,,,,,,,,,,,,,,,,,,,,,,,,,,,,,,,,,,,,,
ปก ไอดี-เสีย 4JA1,,,,,,,,,,,,,,,,,,,,60|90,,,,,,,,,,,,,,,,,,,,,,,,,,,,,,,,,,,,,,,,
ไฟท้ายTFR RH,,,,,,,,,,,,,,,,,,,,215|330,,,,,,,,,,,,,,,,,,,,,,,,,,,,,,,,,,,,,,,,
ไฟมุมR/K195 ,,,,,,,,,,,,,,,,,,,,105|170,,,,,,,,,,,,,,,,,,,,,,,,,,,,,,,,,,,,,,,,
ยบ 7636เเท้,,,,,,,,,,,,,,,,,,,,22|40,,,,,,,,,,,,,,,,,,,,,,,,,,,,,,,,,,,,,,,,
ยบ 80209เเท้,,,,,,,,,,,,,,,,,,,,36|60,,,,,,,,,,,,,,,,,,,,,,,,,,,,,,,,,,,,,,,,
สลักนกบนMTX,,,,,,,,,,,,,,,,,,,,245|370,,,,,,,,,,,,,,,,,,,,,,,,,,,,,,,,,,,,,,,,
สลักนกล่างBigMเฟือง,,,,,,,,,,,,,,,,,,,,130|200,,,,,,,,,,,,,,,,,,,,,,,,,,,,,,,,,,,,,,,,
ท่อล่างVigo,,,,,,,,,,,,,,,,,,,,100|150,,,,,,,,,,,,,,,,,,,,,,,,,,,,,,,,,,,,,,,,
ยบ 80033เเท้,,,,,,,,,,,,,,,,,,,,27|50,,,,,,,,,,,,,,,,,,,,,,,,,,,,,,,,,,,,,,,,
ปั้ม คบนDMax03 เเท้,,,,,,,,,,,,,,,,,,,,840|1260,,,,,,,,,,,,,,,,,,,,,,,,,,,,,,,,,,,,,,,,
เเป๊ปราวน้ำCC,,,,,,,,,,,,,,,,,,,,270|420,,,,,,,,,,,,,,,,,,,,,,,,,,,,,,,,,,,,,,,,
NC1/2x2,,,,,,,,,,,,,,,,,,,,,,,,,,,,,,,,,,,,,,,,,,,,,,,,,,,,,,,,,,7|15,,
NC1/2x 2 1/2,,,,,,,,,,,,,,,,,,,,,,,,,,,,,,,,,,,,,,,,,,,,,,,,,,,,,,,,,,8|16,,
NC9/16x3,,,,,,,,,,,,,,,,,,,,,,,,,,,,,,,,,,,,,,,,,,,,,,,,,,,,,,,,,,12|20,,
BO243 R/K195,,,,,,,,,445|670,,,,,,,,,,,,,,,,,,,,,,,,,,,,,,,,,,,,,,,,,,,,,,,,,,,
BO177 KM545,,,,,,,,,64|100,,,,,,,,,,,,,,,,,,,,,,,,,,,,,,,,,,,,,,,,,,,,,,,,,,,
BF146 DmaxCommเหล็ก,,,,,,,,,345|520,,,,,,,,,,,,,,,,,,,,,,,,,,,,,,,,,,,,,,,,,,,,,,,,,,,
ฺBA343 DmaxVcross,,,,,,,,,242|370,,,,,,,,,,,,,,,,,,,,,,,,,,,,,,,,,,,,,,,,,,,,,,,,,,,
BA325 MU7,,,,,,,,,400|600,,,,,,,,,,,,,,,,,,,,,,,,,,,,,,,,,,,,,,,,,,,,,,,,,,,
BF159 ELF130,,,,,,,,,169|260,,,,,,,,,,,,,,,,,,,,,,,,,,,,,,,,,,,,,,,,,,,,,,,,,,,
6309ZZ,,,,,,,,,,,,,,,,,,,,,,,300|450,,,,,,,,,,,,,,,,,,,,,,,,,,,,,,,,,,,,,
6308ยาง,,,,,,,,,,,,,,,,,,,,,,,250|380,,,,,,,,,,,,,,,,,,,,,,,,,,,,,,,,,,,,,
ลป ค+ขาBT50pro Eizen,,,,,,,,,,,,,,,,,,,,,,,900|1450,,,,,,,,,,,,,,,,,,,,,,,,,,,,,,,,,,,,,
6301ยาง,,,,,,,,,,,,,,,,,,,,,,,58|90,,,,,,,,,,,,,,,,,,,,,,,,,,,,,,,,,,,,,
6210CM,,,,,,,,,,,,,,,,,,,,,,,200|300,,,,,,,,,,,,,,,,,,,,,,,,,,,,,,,,,,,,,
17887/31,,,,,,,,,,,,,,,,,,,,,,,,,,,,,170|260,,,,,,,,,,,,,,,,,,,,,,,,,,,,,,,
M88048/10 ฟทRanger,,,,,,,,,,,,,,,,,,,,,,,,,,,,,199|300,,,,,,,,,,,,,,,,,,,,,,,,,,,,,,,
6311ZZ,,,,,,,,,,,,,,,,,,,,,,,,,,,,,469|720,,,,,,,,,,,,,,,,,,,,,,,,,,,,,,,
TR0608A,,,,,,,,,,,,,,,,,,,,,,,,,,,,,349|530,,,,,,,,,,,,,,,,,,,,,,,,,,,,,,,
เพลาPTOโรตารี3408,,,,,,,,,,,,,,,,,,,,,,,,,,,,,,,,,,,,,,,,,1800|2700,,,,,,,,,,,,,,,,,,,
ชซคลDmax 83501เเท้,,,,,,,,,,,,,,,,,,,,195|300,,,,,,,,,,,,,,,,,,,,,,,,,,,,,,,,,,,,,,,,
แผ่นชิมเพลาJB4รูอันล,,,,,,,,,,,,,,,,,,,,9|20,,,,,,,,,,,,,,,,,,,,,,,,,,,,,,,,,,,,,,,,
แผ่นชิม4รูJB อันละ,,,,,,,,,,,,,,,,,,,,9|20,,,,,,,,,,,,,,,,,,,,,,,,,,,,,,,,,,,,,,,,
แหวนรองพหJBหนา,,,,,,,,,,,,,,,,,,,,190|290,,,,,,,,,,,,,,,,,,,,,,,,,,,,,,,,,,,,,,,,
บู้ชพหJBคู่ละ,,,,,,,,,,,,,,,,,,,,420|900,,,,,,,,,,,,,,,,,,,,,,,,,,,,,,,,,,,,,,,,
แผ่น ค MTX excedy,,,,,,,,,,,,,,,,,,,,600|1050,,,,,,,,,,,,,,,,,,,,,,,,,,,,,,,,,,,,,,,,
ยางฝาวาวล์2KDเเท้,,,,,,,,,,,,,,,,,,,,176|270,,,,,,,,,,,,,,,,,,,,,,,,,,,,,,,,,,,,,,,,
ปั้มน้ำ4JA1 Aisin,,,,,,,,,,,,,,,,,,,,700|1050,,,,,,,,,,,,,,,,,,,,,,,,,,,,,,,,,,,,,,,,
วาวล์น้ำVigoเเท้,,,,,,,,,,,,,,,,,,,,360|540,,,,,,,,,,,,,,,,,,,,,,,,,,,,,,,,,,,,,,,,
กป พักน้ำ ทั่วไป,,,,,,,,,,,,,,,,,,,,65|100,,,,,,,,,,,,,,,,,,,,,,,,,,,,,,,,,,,,,,,,
ท่อ อ TurboTFR,,,,,,,,,,,,,,,,,,,,142|220,,,,,,,,,,,,,,,,,,,,,,,,,,,,,,,,,,,,,,,,
494 ก้ามTFR4WDกละ,,,,,,,,,,,,,,,,,,,,425|640,,,,,,,,,,,,,,,,,,,,,,,,,,,,,,,,,,,,,,,,
"แกนสปริงคท 1""KHL",,,,,,,,,,,,,,,,,,,,,,,,,,190|290,,,,,,,,,,,,,,,,,,,,,,,,,,,,,,,,,,
ตัวU 6600,,,,,,,,,,,,,,,,,,,,,,,,,,160|240,,,,,,,,,,,,,,,,,,,,,,,,,,,,,,,,,,
เพลาสวมค หยาบ,,,,,,,,,,,,,,,,,,,,,,,,,,900|1350,,,,,,,,,,,,,,,,,,,,,,,,,,,,,,,,,,
ฟก4 6600 Italy,,,,,,,,,,,,,,,,,,,,,,,,,,1250|1850,,,,,,,,,,,,,,,,,,,,,,,,,,,,,,,,,,
สปริงคท สีเงิน,,,,,,,,,,,,,,,,,,,,,,,,,,140|220,,,,,,,,,,,,,,,,,,,,,,,,,,,,,,,,,,
สลักเกียร์2-ถอย6600,,,,,,,,,,,,,,,,,,,,,,,,,,160|240,,,,,,,,,,,,,,,,,,,,,,,,,,,,,,,,,,
์NC3/4x3,,,,,,,,,,,,,,,,,,,,,,,,,,,,,,,,,,,,,,,,,,,,,,,,,,,,,,,,,,20|30,,
แหวน 2KD,,,,,,,,,,,,,,,,,,,,,,,,,,,,,,,,,,,,,,,,,,,,,,,,,749|1250,,,,,,,,,,,
ปก ชุด 2KD Vigo,,,,,,,,,,,,,,,,,,,,,,,,,,,,,,,,,,,,,,,,,,,,,,,,,1500|2350,,,,,,,,,,,
ซาฟก้าน 1KD-2KD,,,,,,,,,,,,,,,,,,,,,,,,,,,,,,,,,,,,,,,,,,,,,,,,,285|430,,,,,,,,,,,
ซีลเบ้าหัวฉีด2KDตัวล,,,,,,,,,,,,,,,,,,,,,,,,,,,,,,,,,,,,,,,,,,,,,,,,,22|80,,,,,,,,,,,
"โตงเตงTFR 6""",,,,,,,,,,,,,,,,,112|170,,,,,,,,,,,,,,,,,,,,,,,,,,,,,,,,,,,,,,,,,,,
สกรูพกKTหัวล็อคตัวละ,,,,,,,,,,,,,,,,,22|40,,,,,,,,,,,,,,,,,,,,,,,,,,,,,,,,,,,,,,,,,,,
สกรูพกTXตัวละ,,,,,,,,,,,,,,,,,15|30,,,,,,,,,,,,,,,,,,,,,,,,,,,,,,,,,,,,,,,,,,,
สกรูหพJCMตัวละ,,,,,,,,,,,,,,,,,14|30,,,,,,,,,,,,,,,,,,,,,,,,,,,,,,,,,,,,,,,,,,,
สกรูหพKTตัวละ,,,,,,,,,,,,,,,,,25|40,,,,,,,,,,,,,,,,,,,,,,,,,,,,,,,,,,,,,,,,,,,
สกรูหพSBRตัวละ,,,,,,,,,,,,,,,,,12|30,,,,,,,,,,,,,,,,,,,,,,,,,,,,,,,,,,,,,,,,,,,
สะดือF TXตัวละ,,,,,,,,,,,,,,,,,39|70,,,,,,,,,,,,,,,,,,,,,,,,,,,,,,,,,,,,,,,,,,,
สาเเหรก5/8x14,,,,,,,,,,,,,,,,,107|170,,,,,,,,,,,,,,,,,,,,,,,,,,,,,,,,,,,,,,,,,,,
สาเเหรกKS 9/16x14,,,,,,,,,,,,,,,,,84|140,,,,,,,,,,,,,,,,,,,,,,,,,,,,,,,,,,,,,,,,,,,
"สาเเหรกZM 8""",,,,,,,,,,,,,,,,,176|290,,,,,,,,,,,,,,,,,,,,,,,,,,,,,,,,,,,,,,,,,,,
"สาเเหรกFN527 8""",,,,,,,,,,,,,,,,,146|220,,,,,,,,,,,,,,,,,,,,,,,,,,,,,,,,,,,,,,,,,,,
กรอง ค TFR Full,,,,,,,,,,,,,,67|120,,,67|120,,,,,,,,,,,,,,,,,,,,,,,,,,,,,,,,,,,,,,,,,,,
ปิ้นห่วง ตัวละ,,,,,,,,,,,,,,,,,,,,,,,,,,,,,,,,,,,,,,,,,11|20,,,,,,,,,,,10|20,,,,,,,,
ลูกสูบไฮ 4508,,,,,,,,,,,,,,,,,,,,,,,,,,,,,,,,,,,,,,,,,250|380,,,,,,,,,,,,,,,,,,,
กำปั้นไฮ4508,,,,,,,,,,,,,,,,,,,,,,,,,,,,,,,,,,,,,,,,,700|1050,,,,,,,,,,,,,,,,,,,
น็อตข้อเหวี่ยงF3408,,,,,,,,,,,,,,,,,,,,,,,,,,,,,,,,,,,,,,,,,80|120,,,,,,,,,,,,,,,,,,,
สายพาน4508,,,,,,,,,,,,,,,,,,,,,,,,,,,,,,,,,,,,,,,,,85|130,,,,,,,,,,,,,,,,,,,
ปลอก4WDM5000,,,,,,,,,,,,,,,,,,,,,,,,,,,,,,,,,,,,,,,,,130|200,,,,,,,,,,,,,,,,,,,
หัวคันชัก4508,,,,,,,,,,,,,,,,,,,,,,,,,,,,,,,,,,,,,,,,,170|260,,,,,,,,,,,,,,,,,,,
ปลอกซีลดมEF453,,,,,,,,,,,,,,,,,,,,,,,,,,,,,,,,,,,,,,,,,100|150,,,,,,,,,,,,,,,,,,,
สลักใต้เสื้อเพลา4508,,,,,,,,,,,,,,,,,,,,,,,,,,,,,,,,,,,,,,,,,55|90,,,,,,,,,,,,,,,,,,,
ยางฝาวาวล์2KD,,,,,,,,,,,,,,,,,,,,,,,,,,,,,,,,,,,,,,,,,,,,,,,,,100|150,,,,,,,,,,,
ปั้มน้ำ3408,,,,,,,,,,,,,,,,,,,,,,,,,,,,,,,,,,,,,,,,,700|1050,,,,,,,,,,,,,,,,,,,
กรองไฮ3408,,,,,,,,,,,,,,,,,,,,,,,,,,,,,,,,,,,,,,,,,150|230,,,,,,,,,,,,,,,,,,,
กาวดำ,,,,,,,,,,,,,,,,,,,,,,,,,,,,,,,,,,,,,,,,,72|120,,,,,,72|120,,,,,,,,,,,,,
ซีลF EF352,,,,220|300,,,,,,,,,,,,,,,,,,,,,,,,,,,,,,,,,,,,,220|300,,,,,,,,,,,,,,,,,,,
BO242 NPR120,,,,,,,,,332|520,,,,,,,,,,,,,,,,,,,,,,,,,,,,,,,,,,,,,,,,,,,,,,,,,,,
BO102 JCM,,,,,,,,,62|100,,,,,,,,,,,,,,,,,,,,,,,,,,,,,,,,,,,,,,,,,,,,,,,,,,,
BF134 ดันน้ำSumo,,,,,,,,,68|120,,,,,,,,,,,,,,,,,,,,,,,,,,,,,,,,,,,,,,,,,,,,,,,,,,,
BF136 F18-R/K195,,,,,,,,,81|130,,,,,,,,,,,,,,,,,,,,,,,,,,,,,,,,,,,,,,,,,,,,,,,,,,,
TF112 Deca360,,,,,,,,,110|170,,,,,,,,,,,,,,,,,,,,,,,,,,,,,,,,,,,,,,,,,,,,,,,,,,,
ซีลบหฉVigoตัวละ,,,,,,,,,,,,,,,,,,,,23|50,,,,,,,,,,,,,,,,,,,,,,,,,,,,,,,,,,,,,,,,
ยางฝาวาวล์CC,,,,,,,,,,,,,,,,,,,,44|90,,,,,,,,,,,,,,,,,,,,,,,,,,,,,,,,,,,,,,,,
ยบ 80093เเท้,,,,,,,,,,,,,,,,,,,,24|45,,,,,,,,,,,,,,,,,,,,,,,,,,,,,,,,,,,,,,,,
ซีลบหฉ 4JJ1เเท้,,,,,,,,,,,,,,,,,,,,58|90,,,,,,,,,,,,,,,,,,,,,,,,,,,,,,,,,,,,,,,,
ท่อยางออยล์TFR 2062,,,,,,,,,,,,,,,,,,,,70|120,,,,,,,,,,,,,,,,,,,,,,,,,,,,,,,,,,,,,,,,
ท่อยางออยล์TFR 1631,,,,,,,,,,,,,,,,,,,,86|130,,,,,,,,,,,,,,,,,,,,,,,,,,,,,,,,,,,,,,,,
ท่อออยล์TFR 205-1,,,,,,,,,,,,,,,,,,,,70|120,,,,,,,,,,,,,,,,,,,,,,,,,,,,,,,,,,,,,,,,
ชซคกFN527,,,,,,,,,,,,,,,,,,,,210|320,,,,,,,,,,,,,,,,,,,,,,,,,,,,,,,,,,,,,,,,
เเป๊ปTurbo Dmax 902,,,,,,,,,,,,,,,,,,,,105|160,,,,,,,,,,,,,,,,,,,,,,,,,,,,,,,,,,,,,,,,
ปั้มค บน Deca 320 สห,,,,,,,,,,,,,,,,,,,,770|1160,,,,,,,,,,,,,,,,,,,,,,,,,,,,,,,,,,,,,,,,
สายตูดไดร์ CC,,,,,,,,,,,,,,,,,,,,75|120,,,,,,,,,,,,,,,,,,,,,,,,,,,,,,,,,,,,,,,,
สายพาน12.5x1375Bando,,,,,,,,,,,,,,,,,,,,,,136|220,,,,,,,,,,,,,,,,,,,,,,,,,,,,,,,,,,,,,,
สายพาน12.5x1475Bando,,,,,,,,,,,,,,,,,,,,,,146|240,,,,,,,,,,,,,,,,,,,,,,,,,,,,,,,,,,,,,,
สายพาน12.5x1500Bando,,,,,,,,,,,,,,,,,,,,,,149|250,,,,,,,,,,,,,,,,,,,,,,,,,,,,,,,,,,,,,,
สกรูใบโรตารีตัวละ,,,,,,,,,,,,,,,,,,,,,,,,,,,,,,,,,,,,,,,,,,,,,,,,,,,,,,,,,,,8|15,
สายพว TFR,,,,,,,,,,,,,,,,,,,,340|520,,,,,,,,,,,,,,,,,,,,,,,,,,,,,,,,,,,,,,,,
สายอ่อนบF Magnum,,,,,,,,,,,,,,,,,,,,170|260,,,,,,,,,,,,,,,,,,,,,,,,,,,,,,,,,,,,,,,,
ไฟมุมBigM993ขั้ว RH,,,,,,,,,,,,,,,,,,,,140|220,,,,,,,,,,,,,,,,,,,,,,,,,,,,,,,,,,,,,,,,
ยางฝาวาวล์Vios 1NZ,,,,,,,,,,,,,,,,,,,,70|150,,,,,,,,,,,,,,,,,,,,,,,,,,,,,,,,,,,,,,,,
กระจก NewNPR BM245,,,,,,,,,,,,,,,,,,,,150|230,,,,,,,,,,,,,,,,,,,,,,,,,,,,,,,,,,,,,,,,
ปั้ม ค บนVigo Aisin,,,,,,,,,,,,,,,,,,,,650|980,,,,,,,,,,,,,,,,,,,,,,,,,,,,,,,,,,,,,,,,
แป๊ปขสสDmax 50420,,,,,,,,,,,,,,,,,,,,321|490,,,,,,,,,,,,,,,,,,,,,,,,,,,,,,,,,,,,,,,,
มือเปิดกลางMTXดำ,,,,,,,,,,,,,,,,,,,,130|200,,,,,,,,,,,,,,,,,,,,,,,,,,,,,,,,,,,,,,,,
เล็บม้ากบอMato,,,,,,,,,,,,,,,,,,,,85|130,,,,,,,,,,,,,,,,,,,,,,,,,,,,,,,,,,,,,,,,
สายคันเร่งNPR115 PSC,,,,,,,,,,,,,,,,,,,,187|290,,,,,,,,,,,,,,,,,,,,,,,,,,,,,,,,,,,,,,,,
ใบปัดDmax19-21 บท,,,,,,,,,,,,,,,,,,,,42|80,,,,,,,,,,,,,,,,,,,,,,,,,,,,,,,,,,,,,,,,
กระจกสิงห์ BM229LH,,,,,,,,,,,,,,,,,,,,200|300,,,,,,,,,,,,,,,,,,,,,,,,,,,,,,,,,,,,,,,,
เพลาตูดPTO EF3936x22,,,,,,,,,,,,,,,,,,,,,,,,,,,,,,,,,,,,,,,,,800|1200,,,,,,,,,,,,,,,,,,,
เเขนกลางM7040,,,,,,,,,,,,,,,,,,,,,,,,,,,,,,,,,,,,,,,,,800|1200,,,,,,,,,,,,,,,,,,,
เเขนกลางM9540,,,,,,,,,,,,,,,,,,,,,,,,,,,,,,,,,,,,,,,,,950|1430,,,,,,,,,,,,,,,,,,,
ซีลF/R EF352,,,,,,,,,,,,,,,,,,,,,,,,,,,,,,,,,,,,,,,,,70|120,,,,,,,,,,,,,,,,,,,
ซีลดม M5000,,,,,,,,,,,,,,,,,,,,,,,,,,,,,,,,,,,,,,,,,20|40,,,,,,,,,,,,,,,,,,,
ปั้มคบนTFRรูใหญ่,,,,,,,,,,,,,,,,,,,,,,,,,,,,,,,,,,,,336|520,,,,,,,,,,,,,,,,,,,,,,,,
ปั้ม ค บนCC,,,,,,,,,,,,,,,,,,,,,,,,,,,,,,,,,,,,352|550,,,,,,,,,,,,,,,,,,,,,,,,
เบรค R CC LH,,,,,,,,,,,,,,,,,,,,,,,,,,,,,,,,,,,,176|290,,,,,,,,,,,,,,,,,,,,,,,,
เบรค R CC RH,,,,,,,,,,,,,,,,,,,,,,,,,,,,,,,,,,,,176|290,,,,,,,,,,,,,,,,,,,,,,,,
ปั้ม ค บน FN527,,,,,,,,,,,,,,,,,,,,,,,,,,,,,,,,,,,,560|840,,,,,,,,,,,,,,,,,,,,,,,,
ปั้มเบรคNPR120 1 1/4,,,,,,,,,,,,,,,,,,,,,,,,,,,,,,,,,,,,1280|1950,,,,,,,,,,,,,,,,,,,,,,,,
คันชักVios03ตัวละ,,,,,,,,,,,,,,,,,,,,,,,,,,,,,,,,,,,,,,247|440,,,,,,,,,,,,,,,,,,,,,,
คันชักMegaตัวละ,,,,,,,,,,,,,,,,,,,,,,,,,,,,,,,,,,,,,,399|600,,,,,,,,,,,,,,,,,,,,,,
เเร็คSolunaตัวละ,,,,,,,,,,,,,,,,,,,,,,,,,,,,,,,,,,,,,,247|440,,,,,,,,,,,,,,,,,,,,,,
เเร็คRevo4WDตัวละ,,,,,,,,,,,,,,,,,,,,,,,,,,,,,,,,,,,,,,266|400,,,,,,,,,,,,,,,,,,,,,,
62TB0629 ลรสพรลVigo,,,,,,,,,,,,,,,,,,,,,,,500|750,,,,,,,,,,,,,,,,,,,,,,,,,,,,,,,,,,,,,
15123/245,,,,,,,,,,,,,,,,,,,,,,,160|240,,,,,,,,,,,,,,,,,,,,,,,,,,,,,,,,,,,,,
6205CM,,,,,,,,,,,,,,,,,,,,,,,53|90,,,,,,,,,,,,,,,,,,,,,,,,,,,,,,,,,,,,,
6205ยาง,,,,,,,,,,,,,,,,,,,,,,,70|120,,,,,,,,,,,,,,,,,,,,,,,,,,,,,,,,,,,,,
6307CM,,,,,,,,,,,,,,,,,,,,,,,155|240,,,,,,,,,,,,,,,,,,,,,,,,,,,,,,,,,,,,,
6205NR,,,,,,,,,,,,,,,,,,,,,,,75|120,,,,,,,,,,,,,,,,,,,,,,,,,,,,,,,,,,,,,
3780 Misui,,,,,,,,,,,,,,,,,,,,,,,115|190,,,,,,,,,,,,,,,,,,,,,,,,,,,,,,,,,,,,,
GUK30 Kukle,,,,,,,,,,,,,,,,,,,,,,,135|290,,,,,,,,,,,,,,,,,,,,,,,,,,,,,,,,,,,,,
GUM88 CC ,,,,,,,,,,,,,,,,,,,,,,,90|140,,,,,,,,,,,,,,,,,,,,,,,,,,,,,,,,,,,,,
ฝาสูบEF453,,,,,,,,,,,,,,,,,,,,,,,,,,,,,,,,,,,,,,,,,500|750,,,,,,,,,,,,,,,,,,,
ซาฟก้านEF3-453คู่ละ,,,,,,,,,,,,,,,,,,,,,,,,,,,,,,,,,,,,,,,,,120|180,,,,,,,,,,,,,,,,,,,
แหวนEF3-453,,,,,,,,,,,,,,,,,,,,,,,,,,,,,,,,,,,,,,,,,1120|1680,,,,,,,,,,,,,,,,,,,
จานเฟืองดุมF 3408,,,,,,,,,,,,,,,,,,,,,,,,,,,,,,,,,,,,,,,,,2000|3000,,,,,,,,,,,,,,,,,,,
เฟืองเพลาขับF 3-4508,,,,,,,,,,,,,,,,,,,,,,,,,,,,,,,,,,,,,,,,,350|530,,,,,,,,,,,,,,,,,,,
แขนยกไฮ 3408,,,,,,,,,,,,,,,,,,,,,,,,,,,,,,,,,,,,,,,,,800|1200,,,,,,,,,,,,,,,,,,,
ซีลF EF453,,,,,,,,,,,,,,,,,,,,,,,,,,,,,,,,,,,,,,,,,45|80,,,,,,,,,,,,,,,,,,,
ซีลคอช้าง6600,,,,,,,,,,,,,,,,,,,,,,,,,,,,,,,,,,,,,,,,,28|50,,,,,,,,,,,,,,,,,,,
แหวนรองดจEF453เล็ก,,,,,,,,,,,,,,,,,,,,,,,,,,,,,,,,,,,,,,,,,20|30,,,,,,,,,,,,,,,,,,,
คันชักสั้นBigMตัวละ,,,,,,,,,,,,,,,,,,,,,,,,,,,,,,,,,,,,,,148|230,,,,,,,,,,,,,,,,,,,,,,
กล้องยาBigM,,,,,,,,,,,,,,,,,,,,,,,,,,,,,,,,,,,,,,428|650,,,,,,,,,,,,,,,,,,,,,,
ลหกFM 10x10RH,,,,,,,,,,,,,,,,,,,,,,,,,,,,,,,,,,,,,,62|100,,,,,,,,,,,,,,,,,,,,,,
กันฝุ่นเพลาF/R EF453,,,,,,,,,,,,,,,,,,,,,,,,,,,,,,,,,,,,,,,,,10|20,,,,,,,,,,,,,,,,,,,
ฝาปิดนมค3408-9540,,,,,,,,,,,,,,,,,,,,,,,,,,,,,,,,,,,,,,,,,15|30,,,,,,,,,,,,,,,,,,,
เพลาไฮ 3408-4708,,,,,,,,,,,,,,,,,,,,,,,,,,,,,,,,,,,,,,,,,950|1450,,,,,,,,,,,,,,,,,,,
โซ่ข้างEF494,,,,,,,,,,,,,,,,,,,,,,,,,,,,,,,,,,,,,,,,,380|570,,,,,,,,,,,,,,,,,,,
ซีลR 4508,,,,,,,,,,,,,,,,,,,,,,,,,,,,,,,,,,,,,,,,,100|150,,,,,,,,,,,,,,,,,,,
สลักเเขนข้าง3408,,,,,,,,,,,,,,,,,,,,,,,,,,,,,,,,,,,,,,,,,10|20,,,,,,,,,,,,,,,,,,,
ปลอก+เเกนดม7040,,,,,,,,,,,,,,,,,,,,,,,,,,,,,,,,,,,,,,,,,280|420,,,,,,,,,,,,,,,,,,,
โซ่โรตารี#100 36T,,,,,,,,,,,,,,,,,,,,,,,,,,,,,,,,,,,,,,,,,750|1150,,,,,,,,,,,,,,,,,,,
ซีลคอหน้า3408,,,,,,,,,,,,,,,,,,,,,,,,,,,,,,,,,,,,,,,,,45|80,,,,,,,,,,,,,,,,,,,
เเขนยกไฮ 3408,,,,,,,,,,,,,,,,,,,,,,,,,,,,,,,,,,,,,,,,,800|1200,,,,,,,,,,,,,,,,,,,
ชุดง่ามยอยต์พมล3408,,,,,,,,,,,,,,,,,,,,,,,,,,,,,,,,,,,,,,,,,300|450,,,,,,,,,,,,,,,,,,,
ฟพขหEF393 14x20,,,,,,,,,,,,,,,,,,,,,,,,,,,,,,,,,,,,,,,,,400|600,,,,,,,,,,,,,,,,,,,
สลักเเขนคัดท้าย3408,,,,,,,,,,,,,,,,,,,,,,,,,,,,,,,,,,,,,,,,,280|420,,,,,,,,,,,,,,,,,,,
ฟพต ล่าง3408 11x24,,,,,,,,,,,,,,,,,,,,,,,,,,,,,,,,,,,,,,,,,400|600,,,,,,,,,,,,,,,,,,,
โช้คฝากระโปรง3408,,,,,,,,,,,,,,,,,,,,,,,,,,,,,,,,,,,,,,,,,230|350,,,,,,,,,,,,,,,,,,,
โช้คฝากระโปรง7040,,,,,,,,,,,,,,,,,,,,,,,,,,,,,,,,,,,,,,,,,250|380,,,,,,,,,,,,,,,,,,,
ปั้มน้ำ 8540,,,,,,,,,,,,,,,,,,,,,,,,,,,,,,,,,,,,,,,,,1000|1500,,,,,,,,,,,,,,,,,,,
ฝาถัง ซ 3408เล็ก,,,,,,,,,,,,,,,,,,,,,,,,,,,,,,,,,,,,,,,,,35|60,,,,,,,,,,,,,,,,,,,
จานเฟืองดุมF 4708,,,,,,,,,,,,,,,,,,,,,,,,,,,,,,,,,,,,,,,,,2200|3300,,,,,,,,,,,,,,,,,,,
OringพดมF EF453,,,,,,,,,,,,,,,,,,,,,,,,,,,,,,,,,,,,,,,,,5|20,,,,,,,,,,,,,,,,,,,
ยคบMTX 44191เเท้,,,,,,,,,,,,,,,,,,,,45|80,,,,,,,,,,,,,,,,,,,,,,,,,,,,,,,,,,,,,,,,
ไฟท้ายLN56,,,,,,,,,,,,,,,,,,,,160|240,,,,,,,,,,,,,,,,,,,,,,,,,,,,,,,,,,,,,,,,
กระจกMega BM254 LH,,,,,,,,,,,,,,,,,,,,320|480,,,,,,,,,,,,,,,,,,,,,,,,,,,,,,,,,,,,,,,,
เปิดใน+เบ้าTFR LH,,,,,,,,,,,,,,,,,,,,33|60,,,,,,,,,,,,,,,,,,,,,,,,,,,,,,,,,,,,,,,,
มู่เล่ย์เเอร์TFR,,,,,,,,,,,,,,,,,,,,250|380,,,,,,,,,,,,,,,,,,,,,,,,,,,,,,,,,,,,,,,,
ไฟท้ายSTD2สีขั้วRH,,,,,,,,,,,,,,,,,,,,300|450,,,,,,,,,,,,,,,,,,,,,,,,,,,,,,,,,,,,,,,,
กรอง ค TritonNewยาว,,,,,,,,,,,,,,,,,,,,81|130,,,,,,,,,,,,,,,,,,,,,,,,,,,,,,,,,,,,,,,,
ซีลจาระบีR/K3820,,,,,,,,,,,,,,,,,,,,48|80,,,,,,,,,,,,,,,,,,,,,,,,,,,,,,,,,,,,,,,,
ซีลคอหน้าMTXบท,,,,,,,,,,,,,,,,,,,,30|70,,,,,,,,,,,,,,,,,,,,,,,,,,,,,,,,,,,,,,,,
ท่อตูดไดร์MTX,,,,,,,,,,,,,,,,,,,,63|100,,,,,,,,,,,,,,,,,,,,,,,,,,,,,,,,,,,,,,,,
เปิดท้ายกลางDmaxชุบ,,,,,,,,,,,,,,,,,,,,230|350,,,,,,,,,,,,,,,,,,,,,,,,,,,,,,,,,,,,,,,,
กระจกNPR95 246,,,,,,,,,,,,,,,,,,,,170|260,,,,,,,,,,,,,,,,,,,,,,,,,,,,,,,,,,,,,,,,
ชซหลบDeca 3801,,,,,,,,,,,,,,,,,,,,850|1290,,,,,,,,,,,,,,,,,,,,,,,,,,,,,,,,,,,,,,,,
ท่อล่างTFR2500,,,,,,,,,,,,,,,,,,,,72|120,,,,,,,,,,,,,,,,,,,,,,,,,,,,,,,,,,,,,,,,
ไฟเลี้ยวข้างDeca270ส,,,,,,,,,,,,,,,,,,,,120|180,,,,,,,,,,,,,,,,,,,,,,,,,,,,,,,,,,,,,,,,
สกรูทอร์ชันCC,,,,,,,,,,,,,,,,,,,,130|200,,,,,,,,,,,,,,,,,,,,,,,,,,,,,,,,,,,,,,,,
สายปั้มลมFN527 31250,,,,,,,,,,,,,,,,,,,,300|450,,,,,,,,,,,,,,,,,,,,,,,,,,,,,,,,,,,,,,,,
สวิทช์กุญเเจEF3-453,,,,,,,,,,,,,,,,,,,,,,,,,,,,,,,,,,,,,,,,,400|600,,,,,,,,,,,,,,,,,,,
จานเฟืองF EF352,,,,,,,,,,,,,,,,,,,,,,,,,,,,,,,,,,,,,,,,,2600|3900,,,,,,,,,,,,,,,,,,,
ฟพขห EF453 15x15,,,,,,,,,,,,,,,,,,,,,,,,,,,,,,,,,,,,,,,,,500|750,,,,,,,,,,,,,,,,,,,
บู้ชพตไฮ 3408เล็ก,,,,,,,,,,,,,,,,,,,,,,,,,,,,,,,,,,,,,,,,,15|30,,,,,,,,,,,,,,,,,,,
บู้ชพตไฮ 3408ใหญ่,,,,,,,,,,,,,,,,,,,,,,,,,,,,,,,,,,,,,,,,,18|40,,,,,,,,,,,,,,,,,,,
เเผ่น ค Dutro,,,,,,,,,,,,,,,,,,,1832|2900,,,,,,,,,,,,,,,,,,,,,,,,,,,,,,,,,,,,,,,,,
แผ่น ค 250,,,,,,,,,,,,,,,,,,,816|1250,,,,,,,,,,,,,,,,,,,,,,,,,,,,,,,,,,,,,,,,,
"แผ่น ค FN527 15""",,,,,,,,,,,,,,,,,,,2456|3900,,,,,,,,,,,,,,,,,,,,,,,,,,,,,,,,,,,,,,,,,
332/28ดม3408 NTN,,,,,,,,,,,,,,,,,,,,,,,350|530,,,,,,,,,,,,,,,,,,,,,,,,,,,,,,,,,,,,,
GUM87 FE444 TW,,,,,,,,,,,,,,,,,,,,,,,120|220,,,,,,,,,,,,,,,,,,,,,,,,,,,,,,,,,,,,,
GUIS74 Brog,,,,,,,,,,,,,,,,,,,,,,,550|830,,,,,,,,,,,,,,,,,,,,,,,,,,,,,,,,,,,,,
ลรหค Vigo80มม 0K060,,,,,,,,,,,,,,,,,,,,,,,360|540,,,,,,,,,,,,,,,,,,,,,,,,,,,,,,,,,,,,,
6210ยาง,,,,,,,,,,,,,,,,,,,,,,,250|380,,,,,,,,,,,,,,,,,,,,,,,,,,,,,,,,,,,,,
กระบอกอัด หัวนก,,,,,,,,,,,,,,,,,,,,,,,,,,,320|520,,,,,,,,,,,,,,,,,,,,,,,,,,,,,,,,,
ถอดกรองสายพาน,,,,,,,,,,,,,,,,,,,,,,,,,,,108|170,,,,,,,,,,,,,,,,,,,,,,,,,,,,,,,,,
บล็อค1/2x12px17,,,,,,,,,,,,,,,,,,,,,,,,,,,36|80,,,,,,,,,,,,,,,,,,,,,,,,,,,,,,,,,
เกจ์วัดลม 120lb,,,,,,,,,,,,,,,,,,,,,,,,,,,160|290,,,,,,,,,,,,,,,,,,,,,,,,,,,,,,,,,
บอลวาวล์1/4นอก-นอก,,,,,,,,,,,,,,,,,,,,,,,,,,,58|90,,,,,,,,,,,,,,,,,,,,,,,,,,,,,,,,,
บล็อค1/2x12px14,,,,,,,,,,,,,,,,,,,,,,,,,,,30|70,,,,,,,,,,,,,,,,,,,,,,,,,,,,,,,,,
บล็อค1/2x6px14ยาว,,,,,,,,,,,,,,,,,,,,,,,,,,,65|120,,,,,,,,,,,,,,,,,,,,,,,,,,,,,,,,,
บล็อค1/2x6px14,,,,,,,,,,,,,,,,,,,,,,,,,,,30|70,,,,,,,,,,,,,,,,,,,,,,,,,,,,,,,,,
หัวเติมลมคอปเปอร์,,,,,,,,,,,,,,,,,,,,,,,,,,,69|120,,,,,,,,,,,,,,,,,,,,,,,,,,,,,,,,,
สายดั้ม 5ม นอก,,,,,,,810|1250,,,,,,,,,,,,,,,,,,,,,,,,,,,,,,,,,,,,,,,,,,,,,,,,,,,,,
สายดั้ม 5.5ม นอก,,,,,,,891|1390,,,,,,,,,,,,,,,,,,,,,,,,,,,,,,,,,,,,,,,,,,,,,,,,,,,,,
กป พักน้ำBigM,,,,,,,,,,,,,,,,,,,,70|120,,,,,,,,,,,,,,,,,,,,,,,,,,,,,,,,,,,,,,,,
ซีลRนTriton50-75-9 ,,,,,,,,,,,,,,,,,,,,24|50,,,,,,,,,,,,,,,,,,,,,,,,,,,,,,,,,,,,,,,,
บู้ชบนTFRตัวละ,,,,,,,,,,,,,,,,,,,,38|70,,,,,,,,,,,,,,,,,,,,,,,,,,,,,,,,,,,,,,,,
ยปบSD23 81311เเท้,,,,,,,,,,,,,,,,,,,,152|230,,,,,,,,,,,,,,,,,,,,,,,,,,,,,,,,,,,,,,,,
ยางอ่างเครื่องLN56,,,,,,,,,,,,,,,,,,,,38|90,,,,,,,,,,,,,,,,,,,,,,,,,,,,,,,,,,,,,,,,
สกรูR R/K LH,,,,,,,,,,,,,,,,,,,,81|130,,,,,,,,,,,,,,,,,,,,,,,,,,,,,,,,,,,,,,,,
สกรูR R/K RH,,,,,,,,,,,,,,,,,,,,81|130,,,,,,,,,,,,,,,,,,,,,,,,,,,,,,,,,,,,,,,,
"สาเเหรกBigM 8""",,,,,,,,,,,,,,,,,,,,63|90,,,,,,,,,,,,,,,,,,,,,,,,,,,,,,,,,,,,,,,,
กรองดักน้ำCC,,,,,,,,,,,,,,,,,,,,90|150,,,,,,,,,,,,,,,,,,,,,,,,,,,,,,,,,,,,,,,,
มือหมุนTFR,,,,,,,,,,,,,,,,,,,,13|30,,,,,,,,,,,,,,,,,,,,,,,,,,,,,,,,,,,,,,,,
6664 ก้ามCCกละ,,,,,,,,,,,,,,,,,,,,374|570,,,,,,,,,,,,,,,,,,,,,,,,,,,,,,,,,,,,,,,,
ซีลคอหลังTFRเเท้ไม่ส,,,,,,,,,,,,,,,,,,,,300|450,,,,,,,,,,,,,,,,,,,,,,,,,,,,,,,,,,,,,,,,
GUMZ7 TW,,,,,,,,,,,,,,,,,,,,,,,,,,,,,85|130,,,,,,,,,,,,,,,,,,,,,,,,,,,,,,,
6002ยาง,,,,,,,,,,,,,,,,,,,,,,,,,,,,,45|70,,,,,,,,,,,,,,,,,,,,,,,,,,,,,,,
กำปั้มไฮ4708,,,,,,,,,,,,,,,,,,,,,,,,,,,,,,,,,,,,,,,,,750|1130,,,,,,,,,,,,,,,,,,,
สลักดจF 7040-95,,,,,,,,,,,,,,,,,,,,,,,,,,,,,,,,,,,,,,,,,70|120,,,,,,,,,,,,,,,,,,,
ข้อต่อโซ่#100ครึ่ง,,,,,,,,,,,,,,,,,,,,,,,,,,,,,,,,,,,,,,,,,65|100,,,,,,,,,,,,,,,,,,,
สวิทช์ความร้อนTFR,,,,,,,,,,,,,,,,,,,,56|90,,,,,,,,,,,,,,,,,,,,,,,,,,,,,,,,,,,,,,,,
ฝาสูบ EF,,,,,,,,,,,,,,,,,,,,90|190,,,,,,,,,,,,,,,,,,,,,,,,,,,,,,,,,,,,,,,,
มือเปิดนอกTFR Rเหล็ก,,,,,,,,,,,,,,,,,,,,335|520,,,,,,,,,,,,,,,,,,,,,,,,,,,,,,,,,,,,,,,,
ยางรีดน้ำนอกCKIIอันล,,,,,,,,,,,,,,,,,,,,500|850,,,,,,,,,,,,,,,,,,,,,,,,,,,,,,,,,,,,,,,,
ไฟข้างCK2อันละ,,,,,,,,,,,,,,,,,,,,70|150,,,,,,,,,,,,,,,,,,,,,,,,,,,,,,,,,,,,,,,,
ซีลดมSBR 4840,,,,,,,,,,,,,,,,,,,,55|140,,,,,,,,,,,,,,,,,,,,,,,,,,,,,,,,,,,,,,,,
มือเปิดนอกBigM ,,,,,,,,,,,,,,,,,,,,76|120,,,,,,,,,,,,,,,,,,,,,,,,,,,,,,,,,,,,,,,,
ปั้มค ล่าง CC,,,,,,,,,,,,,,,,,,,,332|490,,,,,,,,,,,,,,,,,,,,,,,,,,,,,,,,,,,,,,,,
ไฟท้ายLN56 RH,,,,,,,,,,,,,,,,,,,,160|240,,,,,,,,,,,,,,,,,,,,,,,,,,,,,,,,,,,,,,,,
ท่อเทอร์โบDmax 860,,,,,,,,,,,,,,,,,,,,320|480,,,,,,,,,,,,,,,,,,,,,,,,,,,,,,,,,,,,,,,,
สายคันเร่งNPR120 SKM,,,,,,,,,,,,,,,,,,,,160|240,,,,,,,,,,,,,,,,,,,,,,,,,,,,,,,,,,,,,,,,
ขากรองดักน้ำMTX,,,,,,,,,,,,,,,,,,,,265|400,,,,,,,,,,,,,,,,,,,,,,,,,,,,,,,,,,,,,,,,
ปั้ม คบนR/Kสามเหลี่ย,,,,,,,,,,,,,,,,,,,,770|1160,,,,,,,,,,,,,,,,,,,,,,,,,,,,,,,,,,,,,,,,
สพรลMTX T1109,,,,,,,,,,,,,,,,,,,,,,318|750,,,,,,,,,,,,,,,,,,,,,,,,,,,,,,,,,,,,,,
ปั้มค ล่าง MTX,,,,,,,,,,,,,,,,,,,,190|290,,,,,,,,,,,,,,,,,,,,,,,,,,,,,,,,,,,,,,,,
ปก ชุด HO7D,,,,,,,,,,,,,,,1800|2800,,,,,,,,,,,,,,,,,,,,,,,,,,,,,,,,,,,,,,,,,,,,,
โอริงดุมF EF453 3x65,,,,,,,,,,,,,,,,,,,,,,,,,,,,,,,,,,,,,,,,,8|20,,,,,,,,,,,,,,,,,,,
เกือกม้าดุมEF352คู่ล,,,,,,,,,,,,,,,,,,,,,,,,,,,,,,,,,,,,,,,,,50|80,,,,,,,,,,,,,,,,,,,
ซีลF L5018,,,,,,,,,,,,,,,,,,,,,,,,,,,,,,,,,,,,,,,,,100|150,,,,,,,,,,,,,,,,,,,
คันชักEF352ตัวละ,,,,,,,,,,,,,,,,,,,,,,,,,,,,,,,,,,,,,,,,,140|220,,,,,,,,,,,,,,,,,,,
กรอง ค EF725,,,,,,,,,,,,,,,,,,,,,,,,,,,,,,,,,,,,,,,,,80|120,,,,,,,,,,,,,,,,,,,
เพลาดุมF M5000,,,,,,,,,,,,,,,,,,,,,,,,,,,,,,,,,,,,,,,,,1400|2100,,,,,,,,,,,,,,,,,,,
ปั้มน้ำL5018,,,,,,,,,,,,,,,,,,,,,,,,,,,,,,,,,,,,,,,,,950|1430,,,,,,,,,,,,,,,,,,,
ฟพตล่าง4708 11x24,,,,,,,,,,,,,,,,,,,,,,,,,,,,,,,,,,,,,,,,,450|680,,,,,,,,,,,,,,,,,,,
ลหกบชลEF352ตัวละ,,,,,,,,,,,,,,,,,,,,,,,,,,,,,,,,,,,,,,,,,170|260,,,,,,,,,,,,,,,,,,,
หวี ค EF453 10 1/4,,,,,,,,,,,,,,,,,,,,,,,,,,,,,,,,,,,,,,,,,1600|2400,,,,,,,,,,,,,,,,,,,
เเหนบ2งอ Tiger22002,,,,,,,,,,,,,,,,,,,,,,,,,,,,,,,,,,,580|870,,,,,,,,,,,,,,,,,,,,,,,,,
6012CM,,,,,,,,,,,,,,,,,,,,,,,270|420,,,,,,,,,,,,,,,,,,,,,,,,,,,,,,,,,,,,,
2788/20 NTN,,,,,,,,,,,,,,,,,,,,,,,250|380,,,,,,,,,,,,,,,,,,,,,,,,,,,,,,,,,,,,,
418/414 NTN,,,,,,,,,,,,,,,,,,,,,,,300|450,,,,,,,,,,,,,,,,,,,,,,,,,,,,,,,,,,,,,
30208 NTN,,,,,,,,,,,,,,,,,,,,,,,178|270,,,,,,,,,,,,,,,,,,,,,,,,,,,,,,,,,,,,,
6206ยาง,,,,,,,,,,,,,,,,,,,,,,,100|150,,,,,,,,,,,,,,,,,,,,,,,,,,,,,,,,,,,,,
วาวล์น้ำTFRเเท้,,,,,,,,,,,,,,,,,,,,340|520,,,,,,,,,,,,,,,,,,,,,,,,,,,,,,,,,,,,,,,,
แป๊ปออยล์TFR7760,,,,,,,,,,,,,,,,,,,,128|200,,,,,,,,,,,,,,,,,,,,,,,,,,,,,,,,,,,,,,,,
"ใบปัด 18""บอสคู่ละ",,,,,,,,,,,,,,,,,,,,145|230,,,,,,,,,,,,,,,,,,,,,,,,,,,,,,,,,,,,,,,,
"ใบปัด 17"" คู่ละ",,,,,,,,,,,,,,,,,,,,45|70,,,,,,,,,,,,,,,,,,,,,,,,,,,,,,,,,,,,,,,,
กรอง ค Vigo,,,,,,,,,,,,,,,,,,,,155|240,,,,,,,,,,,,,,,,,,,,,,,,,,,,,,,,,,,,,,,,
ท่อยางนมไหลกลับ352,,,,,,,,,,,,,,,,,,,,,,,,,,,,,,,,,,,,,,,,,250|380,,,,,,,,,,,,,,,,,,,
บู้ชรู 7/8,,,,,,,,,,,,,,,,,,,,,,,,,,,,,,,,,,,,,,,,,20|30,,,,,,,,,,,,,,,,,,,
ยางฝาวาล์TFR,,,,,,,,,,,,,,,,,,,,45|80,,,,,,,,,,,,,,,,,,,,,,,,,,,,,,,,,,,,,,,,
ฝาสูบ MTX เหล็ก,,,,,,,,,,,,,,,,,,,,220|390,,,,,,,,,,,,,,,,,,,,,,,,,,,,,,,,,,,,,,,,
เปิดนอกBigM RH,,,,,,,,,,,,,,,,,,,,75|120,,,,,,,,,,,,,,,,,,,,,,,,,,,,,,,,,,,,,,,,
เปิดนอกBigM LH,,,,,,,,,,,,,,,,,,,,75|120,,,,,,,,,,,,,,,,,,,,,,,,,,,,,,,,,,,,,,,,
โช้คดันสายพานVigo,,,,,,,,,,,,,,,,,,,,320|490,,,,,,,,,,,,,,,,,,,,,,,,,,,,,,,,,,,,,,,,
6905,,,,,,,,,,,,,,,,,,,,,,,110|190,,,,,,,,,,,,,,,,,,,,,,,,,,,,,,,,,,,,,
ค KT-FN 70TNK-1,,,,,,,,,,,,,,,,,,,,,,,480|740,,,,,,,,,,,,,,,,,,,,,,,,,,,,,,,,,,,,,
GUIS58 Brog,,,,,,,,,,,,,,,,,,,,,,,330|500,,,,,,,,,,,,,,,,,,,,,,,,,,,,,,,,,,,,,
6014CM,,,,,,,,,,,,,,,,,,,,,,,370|560,,,,,,,,,,,,,,,,,,,,,,,,,,,,,,,,,,,,,
สายพานVigo 7PK1516,,,,,,,,,,,,,,,,,,,,208|330,,,,,,,,,,,,,,,,,,,,,,,,,,,,,,,,,,,,,,,,
ล่างVigoตัวละ,,,,,,,,,,,,,,,,,,,,246|390,,,,,,,,,,,,,,,,,,,,,,,,,,,,,,,,,,,,,,,,
บู้ช+สลักประตูBigM,,,,,,,,,,,,,,,,,,,,17|30,,,,,,,,,,,,,,,,,,,,,,,,,,,,,,,,,,,,,,,,
ตุ่มโซ่EF453,,,,,,,,,,,,,,,,,,,,,,,,,,,,,,,,,,,,,,,,,100|150,,,,,,,,,,,,,,,,,,,
ตัวU 7040,,,,,,,,,,,,,,,,,,,,,,,,,,,,,,,,,,,,,,,,,90|140,,,,,,,,,,,,,,,,,,,
ฟพขห3408 11x24,,,,,,,,,,,,,,,,,,,,,,,,,,,,,,,,,,,,,,,,,350|530,,,,,,,,,,,,,,,,,,,
สลักใบมีด+บู๊ช3408,,,,,,,,,,,,,,,,,,,,,,,,,,,,,,,,,,,,,,,,,400|600,,,,,,,,,,,,,,,,,,,
สวิทช์ดับเครื่องEF45,,,,,,,,,,,,,,,,,,,,,,,,,,,,,,,,,,,,,,,,,500|750,,,,,,,,,,,,,,,,,,,
ซีลล้อF EF453,,,,,,,,,,,,,,,,,,,,,,,,,,,,,,,,,,,,,,,,,45|80,,,,,,,,,,,,,,,,,,,
เพลาดุมF 3408,,,,,,,,,,,,,,,,,,,,,,,,,,,,,,,,,,,,,,,,,1220|1830,,,,,,,,,,,,,,,,,,,
กป พักน้ำ EF352-453,,,,,,,,,,,,,,,,,,,,,,,,,,,,,,,,,,,,,,,,,150|230,,,,,,,,,,,,,,,,,,,
เเกนเพลาตั้ง3408,,,,,,,,,,,,,,,,,,,,,,,,,,,,,,,,,,,,,,,,,250|380,,,,,,,,,,,,,,,,,,,
ลหกบชลEF453ตัวละ,,,,,,,,,,,,,,,,,,,,,,,,,,,,,,,,,,,,,,,,,170|260,,,,,,,,,,,,,,,,,,,
ซีลโรตารี52-75-12/19,,,,,,,,,,,,,,,,,,,,,,,,,,,,,,,,,,,,,,,,,80|120,,,,,,,,,,,,,,,,,,,
ซีลF EF453 BM,,,,,,,,,,,,,,,,,,,,,,,,,,,,,,,,,,,,,,,,,,,,,,,,,,,,220|300,,,,,,,,
6305CM,,,,,,,,,,,,,,,,,,,,,,,,,,,,,,,,,,,,,,,,,,,,,,,,,,,,,,,,,,,,75|120
6213ยาง,,,,,,,,,,,,,,,,,,,,,,,,,,,,,,,,,,,,,,,,,,,,,,,,,,,,,,,,,,,,550|830
6202ยาง,,,,,,,,,,,,,,,,,,,,,,,,,,,,,,,,,,,,,,,,,,,,,,,,,,,,,,,,,,,,42|70
สายพาน12.5x825Mit,,,,,,,,,,,,,,,,,,,,109|170,,,,,,,,,,,,,,,,,,,,,,,,,,,,,,,,,,,,,,,,
ยางดิสCC,,,,,,,,,,,,,,,,,,,,75|120,,,,,,,,,,,,,,,,,,,,,,,,,,,,,,,,,,,,,,,,
ลูกสูบดิสCC,,,,,,,,,,,,,,,,,,,,120|180,,,,,,,,,,,,,,,,,,,,,,,,,,,,,,,,,,,,,,,,
เปิดนอกNPR120 RH,,,,,,,,,,,,,,,,,,,,150|230,,,,,,,,,,,,,,,,,,,,,,,,,,,,,,,,,,,,,,,,
วาวล์น้ำDmaxCom,,,,,,,,,,,,,,,,,,,,600|900,,,,,,,,,,,,,,,,,,,,,,,,,,,,,,,,,,,,,,,,
สายคันเร่งF18 SKM,,,,,,,,,,,,,,,,,,,,216|330,,,,,,,,,,,,,,,,,,,,,,,,,,,,,,,,,,,,,,,,
ซีลบหฉDmax 5430,,,,,,,,,,,,,,,,,,,,58|90,,,,,,,,,,,,,,,,,,,,,,,,,,,,,,,,,,,,,,,,
"โตงเตงBigM 7""",,,,,,,,,,,,,,,,,,,,115|180,,,,,,,,,,,,,,,,,,,,,,,,,,,,,,,,,,,,,,,,
ยางฝาวาวล์MTX,,,,,,,,,,,,,,,,,,,,65|100,,,,,,,,,,,,,,,,,,,,,,,,,,,,,,,,,,,,,,,,
สายพาน12.5x1525Mit,,,,,,,,,,,,,,,,,,,,221|340,,,,,,,,,,,,,,,,,,,,,,,,,,,,,,,,,,,,,,,,
ลหกคF Navaraตัวละ,,,,,,,,,,,,,,,,,,,,,,,,,,,,,,,,,,,,,,171|260,,,,,,,,,,,,,,,,,,,,,,
คันชักTFRตัวละ,,,,,,,,,,,,,,,,,,,,,,,,,,,,,,,,,,,,,,148|230,,,,,,,,,,,,,,,,,,,,,,
ลหกFN527 8x8,,,,,,,,,,,,,,,,,,,,,,,,,,,,,,,,,,,,,,62|100,,,,,,,,,,,,,,,,,,,,,,
บู้ชหูเเหนบF KTตัวละ,,,,,,,,,,,,,,,,,,,,,,,,,,,,,,,,,,,,,,58|90,,,,,,,,,,,,,,,,,,,,,,
บู้ชหูเเหนบF KMตัวละ,,,,,,,,,,,,,,,,,,,,,,,,,,,,,,,,,,,,,,64|100,,,,,,,,,,,,,,,,,,,,,,
บู้ชหูเเหนบF KSตัวละ,,,,,,,,,,,,,,,,,,,,,,,,,,,,,,,,,,,,,,52|80,,,,,,,,,,,,,,,,,,,,,,
ปก ชุด 4JA1,,,,,,,,,,,,,,,,,,,,,,,,,,,,,,,,,,,,,,,,,,,,,,,,,650|1100,,,,,,,,,,,
ซาฟอก 4JA1,,,,,,,,,,,,,,,,,,,,,,,,,,,,,,,,,,,,,,,,,,,,,,,,,462|700,,,,,,,,,,,
วาวล์ไอดี4JA1ตัวละ,,,,,,,,,,,,,,,,,,,,,,,,,,,,,,,,,,,,,,,,,,,,,,,,,104|170,,,,,,,,,,,
ซาฟอก 4JB1-JJ-K-G,,,,,,,,,,,,,,,,,,,,,,,,,,,,,,,,,,,,,,,,,,,,,,,,,601|920,,,,,,,,,,,
แหวน 4JA1 KD,,,,,600|1200,,,,,,,,,,,,,,,,,,,,,,,,,,,,,,,,,,,,,,,,,,,,,,,,,,,,,,,
ปก ฝาสูบ 4JA1 KD,,,,,595|990,,,,,,,,,,,,,,,,,,,,,,,,,,,,,,,,,,,,,,,,,,,,,,,,,,,,,,,
กรอง ค EF352-453,,,,,,,,,,,,,,,,,,,,,,,,,,,,,,,,,,,,,,,,,70|120,,,,,,,,,,,,,,,,,,,
กรองไฮ EF453,,,,,,,,,,,,,,,,,,,,,,,,,,,,,,,,,,,,,,,,,150|230,,,,,,,,,,,,,,,,,,,
สายพานพัดลม3408,,,,,,,,,,,,,,,,,,,,,,,,,,,,,,,,,,,,,,,,,80|130,,,,,,,,,,,,,,,,,,,
ลูกสูบ L5018-DC70ลละ,,,,,,,,,,,,,,,,,,,,,,,,,,,,,,,,,,,,,,,,,600|900,,,,,,,,,,,,,,,,,,,
สายไมล์DC68-70,,,,,,,,,,,,,,,,,,,,,,,,,,,,,,,,,,,,,,,,,120|180,,,,,,,,,,,,,,,,,,,
แขนตั้งข้าง3408ปรับ,,,,,,,,,,,,,,,,,,,,,,,,,,,,,,,,,,,,,,,,,380|570,,,,,,,,,,,,,,,,,,,
แขนตั้งข้าง4508ปรับ,,,,,,,,,,,,,,,,,,,,,,,,,,,,,,,,,,,,,,,,,380|570,,,,,,,,,,,,,,,,,,,
แขนตั้งข้าง5018ปรับ,,,,,,,,,,,,,,,,,,,,,,,,,,,,,,,,,,,,,,,,,550|830,,,,,,,,,,,,,,,,,,,
TM306NR=6306NRยาง,,,,,,,,,,,,,,,,,,,,,,,,,,,,,175|290,,,,,,,,,,,,,,,,,,,,,,,,,,,,,,,
57307 R CC,,,,,,,,,,,,,,,,,,,,,,,,,,,,,273|420,,,,,,,,,,,,,,,,,,,,,,,,,,,,,,,
FCR55-17 ค CC,,,,,,,,,,,,,,,,,,,,,,,,,,,,,234|360,,,,,,,,,,,,,,,,,,,,,,,,,,,,,,,
6304ยาง,,,,,,,,,,,,,,,,,,,,,,,80|120,,,,,,,,,,,,,,,,,,,,,,,,,,,,,,,,,,,,,
2788,,,,,,,,,,,,,,,,,,,,,,,230|350,,,,,,,,,,,,,,,,,,,,,,,,,,,,,,,,,,,,,
3379 KNB,,,,,,,,,,,,,,,,,,,,,,,145|220,,,,,,,,,,,,,,,,,,,,,,,,,,,,,,,,,,,,,
"์NC3/4x6""",,,,,,,,,,,,31|60,,,,,,,,,,,,,,,,,,,,,,,,,,,,,,,,,,,,,,,,,,,,,,,,
แหวนสปริง 5/8,,,,,,,,,,,,1|5,,,,,,,,,,,,,,,,,,,,,,,,,,,,,,,,,,,,,,,,,,,,,,,,
แหวนสปริง 3/4,,,,,,,,,,,,2|5,,,,,,,,,,,,,,,,,,,,,,,,,,,,,,,,,,,,,,,,,,,,,,,,
สกรูล้อTFRเเม็ก,,,,,,,,,,,,17|30,,,,,,,,,,,,,,,,,,,,,,,,,,,,,,,,,,,,,,,,,,,,,,,,
น้ำยาหม้อน้ำTT 1L,,140|200,,,,,,,,,,,,,,,,,,,,,,,,,,,,,,,,,,,,,,,,,,,,,,,,,,,,,,,,,,
ไส้ปก ชุด4JA1,,,,,,,,,,,,,,,,,,,,,,,,,,,,,,,,,,,,,,,,,,,,,,,,,650|1100,,,,,,,,,,,
ปลอกสูบ 4JA1,,,,,,,,,,,,,,,,,,,,,,,,,,,,,,,,,,,,,,,,,,,,,,,,,650|1050,,,,,,,,,,,
ปก ชุด BDI,,,,,,,,,,,,,,,,,,,,,,,,,,,,,,,,,,,,,,,,,,,,,,,,,750|1200,,,,,,,,,,,
ข้อต่อเเป๊ปน้ำTFR ,,,,,,,,,,,,,,,,,,,,,,,,,,,,,,,,,,,,,,,,,,,,,,,,,115|190,,,,,,,,,,,
น้ำยาฟรีปั้ม อันละ,,,,,,,,,,,,,,,,,,,,28|50,,,,,,,,,,,,,,,,,,,,,,,,,,,,,,,,,,,,,,,,
สายลิฟล็อคFN527,,,,,,,,,,,,,,,,,,,,230|350,,,,,,,,,,,,,,,,,,,,,,,,,,,,,,,,,,,,,,,,
ซีลRในSBR95-132-12/2,,,,,,,,,,,,,,,,,,,,80|160,,,,,,,,,,,,,,,,,,,,,,,,,,,,,,,,,,,,,,,,
ยางฝาหน้าDmaxเเท้,,,,,,,,,,,,,,,,,,,,137|220,,,,,,,,,,,,,,,,,,,,,,,,,,,,,,,,,,,,,,,,
สะพานโซ่Dmax 1880,,,,,,,,,,,,,,,,,,,,325|490,,,,,,,,,,,,,,,,,,,,,,,,,,,,,,,,,,,,,,,,
โอริงเพลาไฮ3408,,,,,,,,,,,,,,,,,,,,,,,,,,,,,,,,,,,,,,,,,8|20,,,,,,,,,,,,,,,,,,,
ปั้มน้ำ3408-4708,,,,,,,,,,,,,,,,,,,,,,,,,,,,,,,,,,,,,,,,,700|1050,,,,,,,,,,,,,,,,,,,
MX743 City-Jazz07,,,,,,,,,,,,,,,,436|690,,,,,,,,,,,,,,,,,,,,,,,,,,,,,,,,,,,,,,,,,,,,
MX171 City TypeZ,,,,,,,,,,,,,,,,381|650,,,,,,,,,,,,,,,,,,,,,,,,,,,,,,,,,,,,,,,,,,,,
MX721 Dmax Gold,,,,,,,,,,,,,,,,440|690,,,,,,,,,,,,,,,,,,,,,,,,,,,,,,,,,,,,,,,,,,,,
MX680 Commuter,,,,,,,,,,,,,,,,440|690,,,,,,,,,,,,,,,,,,,,,,,,,,,,,,,,,,,,,,,,,,,,
MX433 STD,,,,,,,,,,,,,,,,440|690,,,,,,,,,,,,,,,,,,,,,,,,,,,,,,,,,,,,,,,,,,,,
MX705 Revo4WD,,,,,,,,,,,,,,,,503|790,,,,,,,,,,,,,,,,,,,,,,,,,,,,,,,,,,,,,,,,,,,,
MX650 Lancer Cedia,,,,,,,,,,,,,,,,440|690,,,,,,,,,,,,,,,,,,,,,,,,,,,,,,,,,,,,,,,,,,,,
MX736 Vigo4WD,,,,,,,,,,,,,,,,440|690,,,,,,,,,,,,,,,,,,,,,,,,,,,,,,,,,,,,,,,,,,,,
NC3/4x6,,,,,,,,,,,,,,,,,,,,,,,,,,,,,,,,,,,,,,,,31|60,,,,,,,,,,,,,,,,,,,,
สกรูR 250 RH,,,,,,,,,,,,,,,,,,,,,,,,,,,,,,,,,,,,,,,,84|130,,,,,,,,,,,,,,,,,,,,
สายพมลEF453ยาว,,,,,,,,,,,,,,,,,,,,,,,,,,,,,,,,,,,,,,,,,280|420,,,,,,,,,,,,,,,,,,,
Oringคานหน้า3408เล็ก,,,,,,,,,,,,,,,,,,,,,,,,,,,,,,,,,,,,,,,,,5|20,,,,,,,,,,,,,,,,,,,
ซีลในกล่องโซ่DC60,,,,,,,,,,,,,,,,,,,,,,,,,,,,,,,,,,,,,,,,,20|30,,,,,,,,,,,,,,,,,,,
เเกนตัดต่อดมEF453,,,,,,,,,,,,,,,,,,,,,,,,,,,,,,,,,,,,,,,,,220|330,,,,,,,,,,,,,,,,,,,
กันฝุ่นคันเกียร์3608,,,,,,,,,,,,,,,,,,,,,,,,,,,,,,,,,,,,,,,,,15|30,,,,,,,,,,,,,,,,,,,
ปลอกซีลR EF453,,,,,,,,,,,,,,,,,,,,,,,,,,,,,,,,,,,,,,,,,160|240,,,,,,,,,,,,,,,,,,,
เฟืองเพลาเบรคEF453RH,,,,,,,,,,,,,,,,,,,,,,,,,,,,,,,,,,,,,,,,,900|1350,,,,,,,,,,,,,,,,,,,
พลาสติคดำ-ขาว3408,,,,,,,,,,,,,,,,,,,,,,,,,,,,,,,,,,,,,,,,,75|120,,,,,,,,,,,,,,,,,,,
สายไมล์3608,,,,,,,,,,,,,,,,,,,,,,,,,,,,,,,,,,,,,,,,,100|150,,,,,,,,,,,,,,,,,,,
BO235 DmaxCom,,,,,,,,,119|190,,,,,,,,,,,,,,,,,,,,,,,,,,,,,,,,,,,,,,,,,,,,,,,,,,,
418/414 Tigger,,,,,,,,,,,,,,,,,,,,,,,135|220,,,,,,,,,,,,,,,,,,,,,,,,,,,,,,,,,,,,,
TRA0607 TFR-MTX,,,,,,,,,,,,,,,,,,,,,,,200|300,,,,,,,,,,,,,,,,,,,,,,,,,,,,,,,,,,,,,
6306ยาง,,,,,,,,,,,,,,,,,,,,,,,170|260,,,,,,,,,,,,,,,,,,,,,,,,,,,,,,,,,,,,,
50TKB3505 ค MTX,,,,,,,,,,,,,,,,,,,,,,,370|560,,,,,,,,,,,,,,,,,,,,,,,,,,,,,,,,,,,,,
40KWD02,,,,,,,,,,,,,,,,,,,,,,,720|1080,,,,,,,,,,,,,,,,,,,,,,,,,,,,,,,,,,,,,
25590,,,,,,,,,,,,,,,,,,,,,,,220|330,,,,,,,,,,,,,,,,,,,,,,,,,,,,,,,,,,,,,
ฺBF142 ดักน้ำFC4J,,,,,,,,,345|520,,,,,,,,,,,,,,,,,,,,,,,,,,,,,,,,,,,,,,,,,,,,,,,,,,,
BO234 Vigo,,,,,,,,,70|120,,,,,,,,,,,,,,,,,,,,,,,,,,,,,,,,,,,,,,,,,,,,,,,,,,,
หัวเทียนTT หัวละ,,,,,,,,,,,,,,,,,,,,85|130,,,,,,,,,,,,,,,,,,,,,,,,,,,,,,,,,,,,,,,,
ซีลเพลาเเหนบFNตัวละ,,,,,,,,,,,,,,,,,,,,175|350,,,,,,,,,,,,,,,,,,,,,,,,,,,,,,,,,,,,,,,,
เเหวนรพหFN527หนา,,,,,,,,,,,,,,,,,,,,270|420,,,,,,,,,,,,,,,,,,,,,,,,,,,,,,,,,,,,,,,,
สกรูพหFN527 0774ตัวล,,,,,,,,,,,,,,,,,,,,60|100,,,,,,,,,,,,,,,,,,,,,,,,,,,,,,,,,,,,,,,,
